as_of_date,settlement_month,customer_id,customer_name,order_count,net_receivable,received,balance,payment_due_date,status,is_simulated
2026-09-30,2026-09,C001,模拟_榕树下粉面店,26,2765.55,0.00,2765.55,2026-10-10,未结清（未到约定付款日）,true
2026-09-30,2026-09,C002,模拟_桥头家常菜馆,26,6594.59,1000.00,5594.59,2026-10-10,未结清（未到约定付款日）,true
2026-09-30,2026-09,C003,模拟_兴街快餐店,26,9536.72,0.00,9536.72,2026-10-10,未结清（未到约定付款日）,true
2026-09-30,2026-09,C004,模拟_田畔饭店,13,3894.01,0.00,3894.01,2026-10-10,未结清（未到约定付款日）,true
2026-09-30,2026-09,C005,模拟_青禾小学食堂,22,11237.09,5000.00,6237.09,2026-10-10,未结清（未到约定付款日）,true
2026-09-30,2026-09,C006,模拟_溪桥医院食堂,30,10886.34,0.00,10886.34,2026-10-10,未结清（未到约定付款日）,true
2026-10-06,2026-09,C001,模拟_榕树下粉面店,26,2765.55,2765.55,0.00,2026-10-10,已结清,true
2026-10-06,2026-09,C002,模拟_桥头家常菜馆,26,6594.59,6594.59,0.00,2026-10-10,已结清,true
2026-10-06,2026-09,C003,模拟_兴街快餐店,26,9536.72,3000.00,6536.72,2026-10-10,未结清（未到约定付款日）,true
2026-10-06,2026-09,C004,模拟_田畔饭店,13,3894.01,3894.01,0.00,2026-10-10,已结清,true
2026-10-06,2026-09,C005,模拟_青禾小学食堂,22,11237.09,5000.00,6237.09,2026-10-10,未结清（未到约定付款日）,true
2026-10-06,2026-09,C006,模拟_溪桥医院食堂,30,10886.34,5000.00,5886.34,2026-10-10,未结清（未到约定付款日）,true
