as_of_date,order_id,customer_id,net_receivable,received,balance,is_simulated
2026-09-30,SIM-20260901-C001,C001,256.60,0.00,256.60,true
2026-09-30,SIM-20260901-C002,C002,598.22,598.22,0.00,true
2026-09-30,SIM-20260901-C003,C003,901.28,0.00,901.28,true
2026-09-30,SIM-20260901-C004,C004,619.83,0.00,619.83,true
2026-09-30,SIM-20260901-C005,C005,1212.68,1212.68,0.00,true
2026-09-30,SIM-20260901-C006,C006,926.26,0.00,926.26,true
2026-09-30,SIM-20260902-C001,C001,47.90,0.00,47.90,true
2026-09-30,SIM-20260902-C002,C002,94.50,94.50,0.00,true
2026-09-30,SIM-20260902-C003,C003,159.16,0.00,159.16,true
2026-09-30,SIM-20260902-C005,C005,253.19,253.19,0.00,true
2026-09-30,SIM-20260902-C006,C006,221.72,0.00,221.72,true
2026-09-30,SIM-20260903-C001,C001,77.64,0.00,77.64,true
2026-09-30,SIM-20260903-C002,C002,138.00,138.00,0.00,true
2026-09-30,SIM-20260903-C003,C003,222.33,0.00,222.33,true
2026-09-30,SIM-20260903-C004,C004,191.89,0.00,191.89,true
2026-09-30,SIM-20260903-C005,C005,375.73,375.73,0.00,true
2026-09-30,SIM-20260903-C006,C006,253.56,0.00,253.56,true
2026-09-30,SIM-20260904-C001,C001,52.82,0.00,52.82,true
2026-09-30,SIM-20260904-C002,C002,155.78,155.78,0.00,true
2026-09-30,SIM-20260904-C003,C003,204.38,0.00,204.38,true
2026-09-30,SIM-20260904-C005,C005,269.26,269.26,0.00,true
2026-09-30,SIM-20260904-C006,C006,172.99,0.00,172.99,true
2026-09-30,SIM-20260905-C001,C001,82.25,0.00,82.25,true
2026-09-30,SIM-20260905-C002,C002,225.21,13.50,211.71,true
2026-09-30,SIM-20260905-C003,C003,201.52,0.00,201.52,true
2026-09-30,SIM-20260905-C004,C004,240.03,0.00,240.03,true
2026-09-30,SIM-20260905-C006,C006,278.62,0.00,278.62,true
2026-09-30,SIM-20260906-C002,C002,575.48,0.00,575.48,true
2026-09-30,SIM-20260906-C006,C006,780.85,0.00,780.85,true
2026-09-30,SIM-20260907-C001,C001,230.64,0.00,230.64,true
2026-09-30,SIM-20260907-C003,C003,886.02,0.00,886.02,true
2026-09-30,SIM-20260907-C005,C005,357.00,357.00,0.00,true
2026-09-30,SIM-20260907-C006,C006,290.84,0.00,290.84,true
2026-09-30,SIM-20260908-C001,C001,82.71,0.00,82.71,true
2026-09-30,SIM-20260908-C002,C002,177.44,0.00,177.44,true
2026-09-30,SIM-20260908-C003,C003,246.88,0.00,246.88,true
2026-09-30,SIM-20260908-C004,C004,163.48,0.00,163.48,true
2026-09-30,SIM-20260908-C005,C005,1039.42,1039.42,0.00,true
2026-09-30,SIM-20260908-C006,C006,188.22,0.00,188.22,true
2026-09-30,SIM-20260909-C001,C001,45.66,0.00,45.66,true
2026-09-30,SIM-20260909-C002,C002,92.96,0.00,92.96,true
2026-09-30,SIM-20260909-C003,C003,153.65,0.00,153.65,true
2026-09-30,SIM-20260909-C005,C005,411.04,411.04,0.00,true
2026-09-30,SIM-20260909-C006,C006,278.36,0.00,278.36,true
2026-09-30,SIM-20260910-C001,C001,76.88,0.00,76.88,true
2026-09-30,SIM-20260910-C002,C002,126.96,0.00,126.96,true
2026-09-30,SIM-20260910-C003,C003,245.22,0.00,245.22,true
2026-09-30,SIM-20260910-C004,C004,203.80,0.00,203.80,true
2026-09-30,SIM-20260910-C005,C005,198.94,198.94,0.00,true
2026-09-30,SIM-20260910-C006,C006,208.57,0.00,208.57,true
2026-09-30,SIM-20260911-C001,C001,43.03,0.00,43.03,true
2026-09-30,SIM-20260911-C002,C002,158.78,0.00,158.78,true
2026-09-30,SIM-20260911-C003,C003,166.82,0.00,166.82,true
2026-09-30,SIM-20260911-C005,C005,449.29,449.29,0.00,true
2026-09-30,SIM-20260911-C006,C006,894.99,0.00,894.99,true
2026-09-30,SIM-20260912-C001,C001,269.64,0.00,269.64,true
2026-09-30,SIM-20260912-C002,C002,571.46,0.00,571.46,true
2026-09-30,SIM-20260912-C003,C003,911.38,0.00,911.38,true
2026-09-30,SIM-20260912-C004,C004,604.42,0.00,604.42,true
2026-09-30,SIM-20260912-C006,C006,195.44,0.00,195.44,true
2026-09-30,SIM-20260913-C002,C002,160.62,0.00,160.62,true
2026-09-30,SIM-20260913-C006,C006,306.21,0.00,306.21,true
2026-09-30,SIM-20260914-C001,C001,48.77,0.00,48.77,true
2026-09-30,SIM-20260914-C003,C003,182.30,0.00,182.30,true
2026-09-30,SIM-20260914-C005,C005,223.53,223.53,0.00,true
2026-09-30,SIM-20260914-C006,C006,191.42,0.00,191.42,true
2026-09-30,SIM-20260915-C001,C001,76.59,0.00,76.59,true
2026-09-30,SIM-20260915-C002,C002,198.04,0.00,198.04,true
2026-09-30,SIM-20260915-C003,C003,243.45,0.00,243.45,true
2026-09-30,SIM-20260915-C004,C004,241.64,0.00,241.64,true
2026-09-30,SIM-20260915-C005,C005,1200.23,209.92,990.31,true
2026-09-30,SIM-20260915-C006,C006,288.77,0.00,288.77,true
2026-09-30,SIM-20260916-C001,C001,51.11,0.00,51.11,true
2026-09-30,SIM-20260916-C002,C002,111.50,0.00,111.50,true
2026-09-30,SIM-20260916-C003,C003,151.65,0.00,151.65,true
2026-09-30,SIM-20260916-C005,C005,210.90,0.00,210.90,true
2026-09-30,SIM-20260916-C006,C006,793.69,0.00,793.69,true
2026-09-30,SIM-20260917-C001,C001,84.88,0.00,84.88,true
2026-09-30,SIM-20260917-C002,C002,157.94,0.00,157.94,true
2026-09-30,SIM-20260917-C003,C003,252.22,0.00,252.22,true
2026-09-30,SIM-20260917-C004,C004,174.41,0.00,174.41,true
2026-09-30,SIM-20260917-C005,C005,450.38,0.00,450.38,true
2026-09-30,SIM-20260917-C006,C006,271.04,0.00,271.04,true
2026-09-30,SIM-20260918-C001,C001,228.98,0.00,228.98,true
2026-09-30,SIM-20260918-C002,C002,598.05,0.00,598.05,true
2026-09-30,SIM-20260918-C003,C003,899.36,0.00,899.36,true
2026-09-30,SIM-20260918-C005,C005,254.35,0.00,254.35,true
2026-09-30,SIM-20260918-C006,C006,206.86,0.00,206.86,true
2026-09-30,SIM-20260919-C001,C001,88.21,0.00,88.21,true
2026-09-30,SIM-20260919-C002,C002,213.97,0.00,213.97,true
2026-09-30,SIM-20260919-C003,C003,233.82,0.00,233.82,true
2026-09-30,SIM-20260919-C004,C004,225.56,0.00,225.56,true
2026-09-30,SIM-20260919-C006,C006,305.63,0.00,305.63,true
2026-09-30,SIM-20260920-C002,C002,147.07,0.00,147.07,true
2026-09-30,SIM-20260920-C005,C005,456.50,0.00,456.50,true
2026-09-30,SIM-20260920-C006,C006,225.64,0.00,225.64,true
2026-09-30,SIM-20260921-C001,C001,44.39,0.00,44.39,true
2026-09-30,SIM-20260921-C003,C003,134.26,0.00,134.26,true
2026-09-30,SIM-20260921-C005,C005,1091.54,0.00,1091.54,true
2026-09-30,SIM-20260921-C006,C006,880.63,0.00,880.63,true
2026-09-30,SIM-20260922-C001,C001,85.49,0.00,85.49,true
2026-09-30,SIM-20260922-C002,C002,161.97,0.00,161.97,true
2026-09-30,SIM-20260922-C003,C003,263.79,0.00,263.79,true
2026-09-30,SIM-20260922-C004,C004,170.41,0.00,170.41,true
2026-09-30,SIM-20260922-C005,C005,380.70,0.00,380.70,true
2026-09-30,SIM-20260922-C006,C006,214.28,0.00,214.28,true
2026-09-30,SIM-20260923-C001,C001,45.51,0.00,45.51,true
2026-09-30,SIM-20260923-C002,C002,117.89,0.00,117.89,true
2026-09-30,SIM-20260923-C003,C003,173.09,0.00,173.09,true
2026-09-30,SIM-20260923-C005,C005,253.08,0.00,253.08,true
2026-09-30,SIM-20260923-C006,C006,299.05,0.00,299.05,true
2026-09-30,SIM-20260924-C001,C001,259.33,0.00,259.33,true
2026-09-30,SIM-20260924-C002,C002,575.13,0.00,575.13,true
2026-09-30,SIM-20260924-C003,C003,948.88,0.00,948.88,true
2026-09-30,SIM-20260924-C004,C004,638.10,0.00,638.10,true
2026-09-30,SIM-20260924-C005,C005,424.63,0.00,424.63,true
2026-09-30,SIM-20260924-C006,C006,203.35,0.00,203.35,true
2026-09-30,SIM-20260925-C001,C001,39.07,0.00,39.07,true
2026-09-30,SIM-20260925-C002,C002,152.36,0.00,152.36,true
2026-09-30,SIM-20260925-C003,C003,200.62,0.00,200.62,true
2026-09-30,SIM-20260925-C006,C006,310.88,0.00,310.88,true
2026-09-30,SIM-20260926-C001,C001,79.06,0.00,79.06,true
2026-09-30,SIM-20260926-C002,C002,197.82,0.00,197.82,true
2026-09-30,SIM-20260926-C003,C003,255.25,0.00,255.25,true
2026-09-30,SIM-20260926-C004,C004,190.44,0.00,190.44,true
2026-09-30,SIM-20260926-C006,C006,750.79,0.00,750.79,true
2026-09-30,SIM-20260927-C002,C002,173.25,0.00,173.25,true
2026-09-30,SIM-20260927-C006,C006,272.22,0.00,272.22,true
2026-09-30,SIM-20260928-C001,C001,49.35,0.00,49.35,true
2026-09-30,SIM-20260928-C003,C003,165.36,0.00,165.36,true
2026-09-30,SIM-20260928-C005,C005,274.44,0.00,274.44,true
2026-09-30,SIM-20260928-C006,C006,190.85,0.00,190.85,true
2026-09-30,SIM-20260929-C001,C001,96.36,0.00,96.36,true
2026-09-30,SIM-20260929-C002,C002,186.05,0.00,186.05,true
2026-09-30,SIM-20260929-C003,C003,275.36,0.00,275.36,true
2026-09-30,SIM-20260929-C004,C004,230.00,0.00,230.00,true
2026-09-30,SIM-20260929-C005,C005,1218.25,0.00,1218.25,true
2026-09-30,SIM-20260929-C006,C006,256.09,0.00,256.09,true
2026-09-30,SIM-20260930-C001,C001,222.68,0.00,222.68,true
2026-09-30,SIM-20260930-C002,C002,528.14,0.00,528.14,true
2026-09-30,SIM-20260930-C003,C003,858.67,0.00,858.67,true
2026-09-30,SIM-20260930-C005,C005,232.01,0.00,232.01,true
2026-09-30,SIM-20260930-C006,C006,228.52,0.00,228.52,true
2026-10-06,SIM-20260901-C001,C001,256.60,256.60,0.00,true
2026-10-06,SIM-20260901-C002,C002,598.22,598.22,0.00,true
2026-10-06,SIM-20260901-C003,C003,901.28,901.28,0.00,true
2026-10-06,SIM-20260901-C004,C004,619.83,619.83,0.00,true
2026-10-06,SIM-20260901-C005,C005,1212.68,1212.68,0.00,true
2026-10-06,SIM-20260901-C006,C006,926.26,926.26,0.00,true
2026-10-06,SIM-20260902-C001,C001,47.90,47.90,0.00,true
2026-10-06,SIM-20260902-C002,C002,94.50,94.50,0.00,true
2026-10-06,SIM-20260902-C003,C003,159.16,159.16,0.00,true
2026-10-06,SIM-20260902-C005,C005,253.19,253.19,0.00,true
2026-10-06,SIM-20260902-C006,C006,221.72,221.72,0.00,true
2026-10-06,SIM-20260903-C001,C001,77.64,77.64,0.00,true
2026-10-06,SIM-20260903-C002,C002,138.00,138.00,0.00,true
2026-10-06,SIM-20260903-C003,C003,222.33,222.33,0.00,true
2026-10-06,SIM-20260903-C004,C004,191.89,191.89,0.00,true
2026-10-06,SIM-20260903-C005,C005,375.73,375.73,0.00,true
2026-10-06,SIM-20260903-C006,C006,253.56,253.56,0.00,true
2026-10-06,SIM-20260904-C001,C001,52.82,52.82,0.00,true
2026-10-06,SIM-20260904-C002,C002,155.78,155.78,0.00,true
2026-10-06,SIM-20260904-C003,C003,204.38,204.38,0.00,true
2026-10-06,SIM-20260904-C005,C005,269.26,269.26,0.00,true
2026-10-06,SIM-20260904-C006,C006,172.99,172.99,0.00,true
2026-10-06,SIM-20260905-C001,C001,82.25,82.25,0.00,true
2026-10-06,SIM-20260905-C002,C002,225.21,225.21,0.00,true
2026-10-06,SIM-20260905-C003,C003,201.52,201.52,0.00,true
2026-10-06,SIM-20260905-C004,C004,240.03,240.03,0.00,true
2026-10-06,SIM-20260905-C006,C006,278.62,278.62,0.00,true
2026-10-06,SIM-20260906-C002,C002,575.48,575.48,0.00,true
2026-10-06,SIM-20260906-C006,C006,780.85,780.85,0.00,true
2026-10-06,SIM-20260907-C001,C001,230.64,230.64,0.00,true
2026-10-06,SIM-20260907-C003,C003,886.02,886.02,0.00,true
2026-10-06,SIM-20260907-C005,C005,357.00,357.00,0.00,true
2026-10-06,SIM-20260907-C006,C006,290.84,290.84,0.00,true
2026-10-06,SIM-20260908-C001,C001,82.71,82.71,0.00,true
2026-10-06,SIM-20260908-C002,C002,177.44,177.44,0.00,true
2026-10-06,SIM-20260908-C003,C003,246.88,246.88,0.00,true
2026-10-06,SIM-20260908-C004,C004,163.48,163.48,0.00,true
2026-10-06,SIM-20260908-C005,C005,1039.42,1039.42,0.00,true
2026-10-06,SIM-20260908-C006,C006,188.22,188.22,0.00,true
2026-10-06,SIM-20260909-C001,C001,45.66,45.66,0.00,true
2026-10-06,SIM-20260909-C002,C002,92.96,92.96,0.00,true
2026-10-06,SIM-20260909-C003,C003,153.65,153.65,0.00,true
2026-10-06,SIM-20260909-C005,C005,411.04,411.04,0.00,true
2026-10-06,SIM-20260909-C006,C006,278.36,278.36,0.00,true
2026-10-06,SIM-20260910-C001,C001,76.88,76.88,0.00,true
2026-10-06,SIM-20260910-C002,C002,126.96,126.96,0.00,true
2026-10-06,SIM-20260910-C003,C003,245.22,24.78,220.44,true
2026-10-06,SIM-20260910-C004,C004,203.80,203.80,0.00,true
2026-10-06,SIM-20260910-C005,C005,198.94,198.94,0.00,true
2026-10-06,SIM-20260910-C006,C006,208.57,208.57,0.00,true
2026-10-06,SIM-20260911-C001,C001,43.03,43.03,0.00,true
2026-10-06,SIM-20260911-C002,C002,158.78,158.78,0.00,true
2026-10-06,SIM-20260911-C003,C003,166.82,0.00,166.82,true
2026-10-06,SIM-20260911-C005,C005,449.29,449.29,0.00,true
2026-10-06,SIM-20260911-C006,C006,894.99,894.99,0.00,true
2026-10-06,SIM-20260912-C001,C001,269.64,269.64,0.00,true
2026-10-06,SIM-20260912-C002,C002,571.46,571.46,0.00,true
2026-10-06,SIM-20260912-C003,C003,911.38,0.00,911.38,true
2026-10-06,SIM-20260912-C004,C004,604.42,604.42,0.00,true
2026-10-06,SIM-20260912-C006,C006,195.44,195.44,0.00,true
2026-10-06,SIM-20260913-C002,C002,160.62,160.62,0.00,true
2026-10-06,SIM-20260913-C006,C006,306.21,306.21,0.00,true
2026-10-06,SIM-20260914-C001,C001,48.77,48.77,0.00,true
2026-10-06,SIM-20260914-C003,C003,182.30,0.00,182.30,true
2026-10-06,SIM-20260914-C005,C005,223.53,223.53,0.00,true
2026-10-06,SIM-20260914-C006,C006,191.42,3.37,188.05,true
2026-10-06,SIM-20260915-C001,C001,76.59,76.59,0.00,true
2026-10-06,SIM-20260915-C002,C002,198.04,198.04,0.00,true
2026-10-06,SIM-20260915-C003,C003,243.45,0.00,243.45,true
2026-10-06,SIM-20260915-C004,C004,241.64,241.64,0.00,true
2026-10-06,SIM-20260915-C005,C005,1200.23,209.92,990.31,true
2026-10-06,SIM-20260915-C006,C006,288.77,0.00,288.77,true
2026-10-06,SIM-20260916-C001,C001,51.11,51.11,0.00,true
2026-10-06,SIM-20260916-C002,C002,111.50,111.50,0.00,true
2026-10-06,SIM-20260916-C003,C003,151.65,0.00,151.65,true
2026-10-06,SIM-20260916-C005,C005,210.90,0.00,210.90,true
2026-10-06,SIM-20260916-C006,C006,793.69,0.00,793.69,true
2026-10-06,SIM-20260917-C001,C001,84.88,84.88,0.00,true
2026-10-06,SIM-20260917-C002,C002,157.94,157.94,0.00,true
2026-10-06,SIM-20260917-C003,C003,252.22,0.00,252.22,true
2026-10-06,SIM-20260917-C004,C004,174.41,174.41,0.00,true
2026-10-06,SIM-20260917-C005,C005,450.38,0.00,450.38,true
2026-10-06,SIM-20260917-C006,C006,271.04,0.00,271.04,true
2026-10-06,SIM-20260918-C001,C001,228.98,228.98,0.00,true
2026-10-06,SIM-20260918-C002,C002,598.05,598.05,0.00,true
2026-10-06,SIM-20260918-C003,C003,899.36,0.00,899.36,true
2026-10-06,SIM-20260918-C005,C005,254.35,0.00,254.35,true
2026-10-06,SIM-20260918-C006,C006,206.86,0.00,206.86,true
2026-10-06,SIM-20260919-C001,C001,88.21,88.21,0.00,true
2026-10-06,SIM-20260919-C002,C002,213.97,213.97,0.00,true
2026-10-06,SIM-20260919-C003,C003,233.82,0.00,233.82,true
2026-10-06,SIM-20260919-C004,C004,225.56,225.56,0.00,true
2026-10-06,SIM-20260919-C006,C006,305.63,0.00,305.63,true
2026-10-06,SIM-20260920-C002,C002,147.07,147.07,0.00,true
2026-10-06,SIM-20260920-C005,C005,456.50,0.00,456.50,true
2026-10-06,SIM-20260920-C006,C006,225.64,0.00,225.64,true
2026-10-06,SIM-20260921-C001,C001,44.39,44.39,0.00,true
2026-10-06,SIM-20260921-C003,C003,134.26,0.00,134.26,true
2026-10-06,SIM-20260921-C005,C005,1091.54,0.00,1091.54,true
2026-10-06,SIM-20260921-C006,C006,880.63,0.00,880.63,true
2026-10-06,SIM-20260922-C001,C001,85.49,85.49,0.00,true
2026-10-06,SIM-20260922-C002,C002,161.97,161.97,0.00,true
2026-10-06,SIM-20260922-C003,C003,263.79,0.00,263.79,true
2026-10-06,SIM-20260922-C004,C004,170.41,170.41,0.00,true
2026-10-06,SIM-20260922-C005,C005,380.70,0.00,380.70,true
2026-10-06,SIM-20260922-C006,C006,214.28,0.00,214.28,true
2026-10-06,SIM-20260923-C001,C001,45.51,45.51,0.00,true
2026-10-06,SIM-20260923-C002,C002,117.89,117.89,0.00,true
2026-10-06,SIM-20260923-C003,C003,173.09,0.00,173.09,true
2026-10-06,SIM-20260923-C005,C005,253.08,0.00,253.08,true
2026-10-06,SIM-20260923-C006,C006,299.05,0.00,299.05,true
2026-10-06,SIM-20260924-C001,C001,259.33,259.33,0.00,true
2026-10-06,SIM-20260924-C002,C002,575.13,575.13,0.00,true
2026-10-06,SIM-20260924-C003,C003,948.88,0.00,948.88,true
2026-10-06,SIM-20260924-C004,C004,638.10,638.10,0.00,true
2026-10-06,SIM-20260924-C005,C005,424.63,0.00,424.63,true
2026-10-06,SIM-20260924-C006,C006,203.35,0.00,203.35,true
2026-10-06,SIM-20260925-C001,C001,39.07,39.07,0.00,true
2026-10-06,SIM-20260925-C002,C002,152.36,152.36,0.00,true
2026-10-06,SIM-20260925-C003,C003,200.62,0.00,200.62,true
2026-10-06,SIM-20260925-C006,C006,310.88,0.00,310.88,true
2026-10-06,SIM-20260926-C001,C001,79.06,79.06,0.00,true
2026-10-06,SIM-20260926-C002,C002,197.82,197.82,0.00,true
2026-10-06,SIM-20260926-C003,C003,255.25,0.00,255.25,true
2026-10-06,SIM-20260926-C004,C004,190.44,190.44,0.00,true
2026-10-06,SIM-20260926-C006,C006,750.79,0.00,750.79,true
2026-10-06,SIM-20260927-C002,C002,173.25,173.25,0.00,true
2026-10-06,SIM-20260927-C006,C006,272.22,0.00,272.22,true
2026-10-06,SIM-20260928-C001,C001,49.35,49.35,0.00,true
2026-10-06,SIM-20260928-C003,C003,165.36,0.00,165.36,true
2026-10-06,SIM-20260928-C005,C005,274.44,0.00,274.44,true
2026-10-06,SIM-20260928-C006,C006,190.85,0.00,190.85,true
2026-10-06,SIM-20260929-C001,C001,96.36,96.36,0.00,true
2026-10-06,SIM-20260929-C002,C002,186.05,186.05,0.00,true
2026-10-06,SIM-20260929-C003,C003,275.36,0.00,275.36,true
2026-10-06,SIM-20260929-C004,C004,230.00,230.00,0.00,true
2026-10-06,SIM-20260929-C005,C005,1218.25,0.00,1218.25,true
2026-10-06,SIM-20260929-C006,C006,256.09,0.00,256.09,true
2026-10-06,SIM-20260930-C001,C001,222.68,222.68,0.00,true
2026-10-06,SIM-20260930-C002,C002,528.14,528.14,0.00,true
2026-10-06,SIM-20260930-C003,C003,858.67,0.00,858.67,true
2026-10-06,SIM-20260930-C005,C005,232.01,0.00,232.01,true
2026-10-06,SIM-20260930-C006,C006,228.52,0.00,228.52,true
