source,line,key,kind,detail,classification,blocking
payments.csv,18,SIM-P0017,超出截止日,2026-10-02 晚于 2026-09-30,口径排除,否
payments.csv,19,SIM-P0018,超出截止日,2026-10-02 晚于 2026-09-30,口径排除,否
payments.csv,20,SIM-P0019,超出截止日,2026-10-02 晚于 2026-09-30,口径排除,否
payments.csv,21,SIM-P0020,超出截止日,2026-10-02 晚于 2026-09-30,口径排除,否
payments.csv,22,SIM-P0021,超出截止日,2026-10-02 晚于 2026-09-30,口径排除,否
payments.csv,23,SIM-P0022,超出截止日,2026-10-02 晚于 2026-09-30,口径排除,否
payments.csv,24,SIM-P0023,超出截止日,2026-10-02 晚于 2026-09-30,口径排除,否
payments.csv,25,SIM-P0024,超出截止日,2026-10-02 晚于 2026-09-30,口径排除,否
payments.csv,26,SIM-P0025,超出截止日,2026-10-02 晚于 2026-09-30,口径排除,否
payments.csv,27,SIM-P0026,超出截止日,2026-10-02 晚于 2026-09-30,口径排除,否
payments.csv,28,SIM-P0027,超出截止日,2026-10-02 晚于 2026-09-30,口径排除,否
payments.csv,29,SIM-P0028,超出截止日,2026-10-02 晚于 2026-09-30,口径排除,否
payments.csv,30,SIM-P0029,超出截止日,2026-10-02 晚于 2026-09-30,口径排除,否
payments.csv,31,SIM-P0030,超出截止日,2026-10-02 晚于 2026-09-30,口径排除,否
payments.csv,32,SIM-P0031,超出截止日,2026-10-02 晚于 2026-09-30,口径排除,否
payments.csv,33,SIM-P0032,超出截止日,2026-10-02 晚于 2026-09-30,口径排除,否
payments.csv,34,SIM-P0033,超出截止日,2026-10-02 晚于 2026-09-30,口径排除,否
payments.csv,35,SIM-P0034,超出截止日,2026-10-02 晚于 2026-09-30,口径排除,否
payments.csv,36,SIM-P0035,超出截止日,2026-10-02 晚于 2026-09-30,口径排除,否
payments.csv,37,SIM-P0036,超出截止日,2026-10-02 晚于 2026-09-30,口径排除,否
payments.csv,38,SIM-P0037,超出截止日,2026-10-02 晚于 2026-09-30,口径排除,否
payments.csv,39,SIM-P0038,超出截止日,2026-10-02 晚于 2026-09-30,口径排除,否
payments.csv,40,SIM-P0039,超出截止日,2026-10-02 晚于 2026-09-30,口径排除,否
payments.csv,41,SIM-P0040,超出截止日,2026-10-02 晚于 2026-09-30,口径排除,否
payments.csv,42,SIM-P0041,超出截止日,2026-10-02 晚于 2026-09-30,口径排除,否
payments.csv,43,SIM-P0042,超出截止日,2026-10-02 晚于 2026-09-30,口径排除,否
payments.csv,44,SIM-P0043,超出截止日,2026-10-04 晚于 2026-09-30,口径排除,否
payments.csv,45,SIM-P0044,超出截止日,2026-10-04 晚于 2026-09-30,口径排除,否
payments.csv,46,SIM-P0045,超出截止日,2026-10-04 晚于 2026-09-30,口径排除,否
payments.csv,47,SIM-P0046,超出截止日,2026-10-04 晚于 2026-09-30,口径排除,否
payments.csv,48,SIM-P0047,超出截止日,2026-10-04 晚于 2026-09-30,口径排除,否
payments.csv,49,SIM-P0048,超出截止日,2026-10-04 晚于 2026-09-30,口径排除,否
payments.csv,50,SIM-P0049,超出截止日,2026-10-04 晚于 2026-09-30,口径排除,否
payments.csv,51,SIM-P0050,超出截止日,2026-10-04 晚于 2026-09-30,口径排除,否
payments.csv,52,SIM-P0051,超出截止日,2026-10-04 晚于 2026-09-30,口径排除,否
payments.csv,53,SIM-P0052,超出截止日,2026-10-05 晚于 2026-09-30,口径排除,否
payments.csv,54,SIM-P0053,超出截止日,2026-10-05 晚于 2026-09-30,口径排除,否
payments.csv,55,SIM-P0054,超出截止日,2026-10-05 晚于 2026-09-30,口径排除,否
payments.csv,56,SIM-P0055,超出截止日,2026-10-05 晚于 2026-09-30,口径排除,否
payments.csv,57,SIM-P0056,超出截止日,2026-10-05 晚于 2026-09-30,口径排除,否
payments.csv,58,SIM-P0057,超出截止日,2026-10-05 晚于 2026-09-30,口径排除,否
payments.csv,59,SIM-P0058,超出截止日,2026-10-05 晚于 2026-09-30,口径排除,否
payments.csv,60,SIM-P0059,超出截止日,2026-10-05 晚于 2026-09-30,口径排除,否
payments.csv,61,SIM-P0060,超出截止日,2026-10-05 晚于 2026-09-30,口径排除,否
payments.csv,62,SIM-P0061,超出截止日,2026-10-05 晚于 2026-09-30,口径排除,否
payments.csv,63,SIM-P0062,超出截止日,2026-10-05 晚于 2026-09-30,口径排除,否
payments.csv,64,SIM-P0063,超出截止日,2026-10-05 晚于 2026-09-30,口径排除,否
payments.csv,65,SIM-P0064,超出截止日,2026-10-05 晚于 2026-09-30,口径排除,否
payments.csv,66,SIM-P0065,超出截止日,2026-10-05 晚于 2026-09-30,口径排除,否
payments.csv,67,SIM-P0066,超出截止日,2026-10-05 晚于 2026-09-30,口径排除,否
payments.csv,68,SIM-P0067,超出截止日,2026-10-05 晚于 2026-09-30,口径排除,否
payments.csv,69,SIM-P0068,超出截止日,2026-10-05 晚于 2026-09-30,口径排除,否
payments.csv,70,SIM-P0069,超出截止日,2026-10-05 晚于 2026-09-30,口径排除,否
payments.csv,71,SIM-P0070,超出截止日,2026-10-05 晚于 2026-09-30,口径排除,否
payments.csv,72,SIM-P0071,超出截止日,2026-10-05 晚于 2026-09-30,口径排除,否
payments.csv,73,SIM-P0072,超出截止日,2026-10-05 晚于 2026-09-30,口径排除,否
payments.csv,74,SIM-P0073,超出截止日,2026-10-05 晚于 2026-09-30,口径排除,否
payments.csv,75,SIM-P0074,超出截止日,2026-10-05 晚于 2026-09-30,口径排除,否
payments.csv,76,SIM-P0075,超出截止日,2026-10-05 晚于 2026-09-30,口径排除,否
payments.csv,77,SIM-P0076,超出截止日,2026-10-05 晚于 2026-09-30,口径排除,否
payments.csv,78,SIM-P0077,超出截止日,2026-10-05 晚于 2026-09-30,口径排除,否
payments.csv,79,SIM-P0078,超出截止日,2026-10-05 晚于 2026-09-30,口径排除,否
payments.csv,80,SIM-P0079,超出截止日,2026-10-05 晚于 2026-09-30,口径排除,否
payments.csv,81,SIM-P0080,超出截止日,2026-10-05 晚于 2026-09-30,口径排除,否
payments.csv,82,SIM-P0081,超出截止日,2026-10-05 晚于 2026-09-30,口径排除,否
payments.csv,83,SIM-P0082,超出截止日,2026-10-05 晚于 2026-09-30,口径排除,否
payments.csv,84,SIM-P0083,超出截止日,2026-10-05 晚于 2026-09-30,口径排除,否
payments.csv,85,SIM-P0084,超出截止日,2026-10-05 晚于 2026-09-30,口径排除,否
payments.csv,86,SIM-P0085,超出截止日,2026-10-05 晚于 2026-09-30,口径排除,否
payments.csv,87,SIM-P0086,超出截止日,2026-10-05 晚于 2026-09-30,口径排除,否
payments.csv,88,SIM-P0087,超出截止日,2026-10-05 晚于 2026-09-30,口径排除,否
payments.csv,89,SIM-P0088,超出截止日,2026-10-06 晚于 2026-09-30,口径排除,否
payments.csv,90,SIM-P0089,超出截止日,2026-10-06 晚于 2026-09-30,口径排除,否
payments.csv,91,SIM-P0090,超出截止日,2026-10-06 晚于 2026-09-30,口径排除,否
payments.csv,92,SIM-P0091,超出截止日,2026-10-06 晚于 2026-09-30,口径排除,否
payments.csv,93,SIM-P0092,超出截止日,2026-10-06 晚于 2026-09-30,口径排除,否
payments.csv,94,SIM-P0093,超出截止日,2026-10-06 晚于 2026-09-30,口径排除,否
payments.csv,95,SIM-P0094,超出截止日,2026-10-06 晚于 2026-09-30,口径排除,否
payments.csv,96,SIM-P0095,超出截止日,2026-10-06 晚于 2026-09-30,口径排除,否
payments.csv,97,SIM-P0096,超出截止日,2026-10-06 晚于 2026-09-30,口径排除,否
payments.csv,98,SIM-P0097,超出截止日,2026-10-06 晚于 2026-09-30,口径排除,否
payments.csv,99,SIM-P0098,超出截止日,2026-10-06 晚于 2026-09-30,口径排除,否
payments.csv,100,SIM-P0099,超出截止日,2026-10-06 晚于 2026-09-30,口径排除,否
payments.csv,101,SIM-P0100,超出截止日,2026-10-06 晚于 2026-09-30,口径排除,否
