order_id,customer_id,customer_name,order_date,line_count,net_receivable,received,balance,status
SIM-20260901-C001,C001,模拟_榕树下粉面店,2026-09-01,8,256.60,256.60,0.00,已结清
SIM-20260901-C002,C002,模拟_桥头家常菜馆,2026-09-01,9,598.22,598.22,0.00,已结清
SIM-20260901-C003,C003,模拟_兴街快餐店,2026-09-01,10,901.28,901.28,0.00,已结清
SIM-20260901-C004,C004,模拟_田畔饭店,2026-09-01,10,619.83,619.83,0.00,已结清
SIM-20260901-C005,C005,模拟_青禾小学食堂,2026-09-01,10,1212.68,1212.68,0.00,已结清
SIM-20260901-C006,C006,模拟_溪桥医院食堂,2026-09-01,10,926.26,926.26,0.00,已结清
SIM-20260902-C001,C001,模拟_榕树下粉面店,2026-09-02,4,47.90,47.90,0.00,已结清
SIM-20260902-C002,C002,模拟_桥头家常菜馆,2026-09-02,5,94.50,94.50,0.00,已结清
SIM-20260902-C003,C003,模拟_兴街快餐店,2026-09-02,6,159.16,159.16,0.00,已结清
SIM-20260902-C005,C005,模拟_青禾小学食堂,2026-09-02,6,253.19,253.19,0.00,已结清
SIM-20260902-C006,C006,模拟_溪桥医院食堂,2026-09-02,6,221.72,221.72,0.00,已结清
SIM-20260903-C001,C001,模拟_榕树下粉面店,2026-09-03,5,77.64,77.64,0.00,已结清
SIM-20260903-C002,C002,模拟_桥头家常菜馆,2026-09-03,6,138.00,138.00,0.00,已结清
SIM-20260903-C003,C003,模拟_兴街快餐店,2026-09-03,7,222.33,222.33,0.00,已结清
SIM-20260903-C004,C004,模拟_田畔饭店,2026-09-03,6,191.89,191.89,0.00,已结清
SIM-20260903-C005,C005,模拟_青禾小学食堂,2026-09-03,7,375.73,375.73,0.00,已结清
SIM-20260903-C006,C006,模拟_溪桥医院食堂,2026-09-03,7,253.56,253.56,0.00,已结清
SIM-20260904-C001,C001,模拟_榕树下粉面店,2026-09-04,5,52.82,52.82,0.00,已结清
SIM-20260904-C002,C002,模拟_桥头家常菜馆,2026-09-04,6,155.78,155.78,0.00,已结清
SIM-20260904-C003,C003,模拟_兴街快餐店,2026-09-04,7,204.38,204.38,0.00,已结清
SIM-20260904-C005,C005,模拟_青禾小学食堂,2026-09-04,7,269.26,269.26,0.00,已结清
SIM-20260904-C006,C006,模拟_溪桥医院食堂,2026-09-04,7,172.99,172.99,0.00,已结清
SIM-20260905-C001,C001,模拟_榕树下粉面店,2026-09-05,5,82.25,82.25,0.00,已结清
SIM-20260905-C002,C002,模拟_桥头家常菜馆,2026-09-05,6,225.21,225.21,0.00,已结清
SIM-20260905-C003,C003,模拟_兴街快餐店,2026-09-05,7,201.52,201.52,0.00,已结清
SIM-20260905-C004,C004,模拟_田畔饭店,2026-09-05,7,240.03,240.03,0.00,已结清
SIM-20260905-C006,C006,模拟_溪桥医院食堂,2026-09-05,7,278.62,278.62,0.00,已结清
SIM-20260906-C002,C002,模拟_桥头家常菜馆,2026-09-06,7,575.48,575.48,0.00,已结清
SIM-20260906-C006,C006,模拟_溪桥医院食堂,2026-09-06,8,780.85,780.85,0.00,已结清
SIM-20260907-C001,C001,模拟_榕树下粉面店,2026-09-07,6,230.64,230.64,0.00,已结清
SIM-20260907-C003,C003,模拟_兴街快餐店,2026-09-07,8,886.02,886.02,0.00,已结清
SIM-20260907-C005,C005,模拟_青禾小学食堂,2026-09-07,7,357.00,357.00,0.00,已结清
SIM-20260907-C006,C006,模拟_溪桥医院食堂,2026-09-07,8,290.84,290.84,0.00,已结清
SIM-20260908-C001,C001,模拟_榕树下粉面店,2026-09-08,6,82.71,82.71,0.00,已结清
SIM-20260908-C002,C002,模拟_桥头家常菜馆,2026-09-08,7,177.44,177.44,0.00,已结清
SIM-20260908-C003,C003,模拟_兴街快餐店,2026-09-08,8,246.88,246.88,0.00,已结清
SIM-20260908-C004,C004,模拟_田畔饭店,2026-09-08,7,163.48,163.48,0.00,已结清
SIM-20260908-C005,C005,模拟_青禾小学食堂,2026-09-08,8,1039.42,1039.42,0.00,已结清
SIM-20260908-C006,C006,模拟_溪桥医院食堂,2026-09-08,6,188.22,188.22,0.00,已结清
SIM-20260909-C001,C001,模拟_榕树下粉面店,2026-09-09,4,45.66,45.66,0.00,已结清
SIM-20260909-C002,C002,模拟_桥头家常菜馆,2026-09-09,5,92.96,92.96,0.00,已结清
SIM-20260909-C003,C003,模拟_兴街快餐店,2026-09-09,6,153.65,153.65,0.00,已结清
SIM-20260909-C005,C005,模拟_青禾小学食堂,2026-09-09,8,411.04,411.04,0.00,已结清
SIM-20260909-C006,C006,模拟_溪桥医院食堂,2026-09-09,7,278.36,278.36,0.00,已结清
SIM-20260910-C001,C001,模拟_榕树下粉面店,2026-09-10,5,76.88,76.88,0.00,已结清
SIM-20260910-C002,C002,模拟_桥头家常菜馆,2026-09-10,6,126.96,126.96,0.00,已结清
SIM-20260910-C003,C003,模拟_兴街快餐店,2026-09-10,7,245.22,24.78,220.44,未结清
SIM-20260910-C004,C004,模拟_田畔饭店,2026-09-10,7,203.80,203.80,0.00,已结清
SIM-20260910-C005,C005,模拟_青禾小学食堂,2026-09-10,6,198.94,198.94,0.00,已结清
SIM-20260910-C006,C006,模拟_溪桥医院食堂,2026-09-10,7,208.57,208.57,0.00,已结清
SIM-20260911-C001,C001,模拟_榕树下粉面店,2026-09-11,5,43.03,43.03,0.00,已结清
SIM-20260911-C002,C002,模拟_桥头家常菜馆,2026-09-11,6,158.78,158.78,0.00,已结清
SIM-20260911-C003,C003,模拟_兴街快餐店,2026-09-11,7,166.82,0.00,166.82,未结清
SIM-20260911-C005,C005,模拟_青禾小学食堂,2026-09-11,7,449.29,449.29,0.00,已结清
SIM-20260911-C006,C006,模拟_溪桥医院食堂,2026-09-11,9,894.99,894.99,0.00,已结清
SIM-20260912-C001,C001,模拟_榕树下粉面店,2026-09-12,7,269.64,269.64,0.00,已结清
SIM-20260912-C002,C002,模拟_桥头家常菜馆,2026-09-12,8,571.46,571.46,0.00,已结清
SIM-20260912-C003,C003,模拟_兴街快餐店,2026-09-12,9,911.38,0.00,911.38,未结清
SIM-20260912-C004,C004,模拟_田畔饭店,2026-09-12,8,604.42,604.42,0.00,已结清
SIM-20260912-C006,C006,模拟_溪桥医院食堂,2026-09-12,6,195.44,195.44,0.00,已结清
SIM-20260913-C002,C002,模拟_桥头家常菜馆,2026-09-13,5,160.62,160.62,0.00,已结清
SIM-20260913-C006,C006,模拟_溪桥医院食堂,2026-09-13,8,306.21,306.21,0.00,已结清
SIM-20260914-C001,C001,模拟_榕树下粉面店,2026-09-14,4,48.77,48.77,0.00,已结清
SIM-20260914-C003,C003,模拟_兴街快餐店,2026-09-14,6,182.30,0.00,182.30,未结清
SIM-20260914-C005,C005,模拟_青禾小学食堂,2026-09-14,7,223.53,223.53,0.00,已结清
SIM-20260914-C006,C006,模拟_溪桥医院食堂,2026-09-14,6,191.42,3.37,188.05,未结清
SIM-20260915-C001,C001,模拟_榕树下粉面店,2026-09-15,6,76.59,76.59,0.00,已结清
SIM-20260915-C002,C002,模拟_桥头家常菜馆,2026-09-15,7,198.04,198.04,0.00,已结清
SIM-20260915-C003,C003,模拟_兴街快餐店,2026-09-15,8,243.45,0.00,243.45,未结清
SIM-20260915-C004,C004,模拟_田畔饭店,2026-09-15,8,241.64,241.64,0.00,已结清
SIM-20260915-C005,C005,模拟_青禾小学食堂,2026-09-15,9,1200.23,209.92,990.31,未结清
SIM-20260915-C006,C006,模拟_溪桥医院食堂,2026-09-15,7,288.77,0.00,288.77,未结清
SIM-20260916-C001,C001,模拟_榕树下粉面店,2026-09-16,4,51.11,51.11,0.00,已结清
SIM-20260916-C002,C002,模拟_桥头家常菜馆,2026-09-16,5,111.50,111.50,0.00,已结清
SIM-20260916-C003,C003,模拟_兴街快餐店,2026-09-16,6,151.65,0.00,151.65,未结清
SIM-20260916-C005,C005,模拟_青禾小学食堂,2026-09-16,6,210.90,0.00,210.90,未结清
SIM-20260916-C006,C006,模拟_溪桥医院食堂,2026-09-16,9,793.69,0.00,793.69,未结清
SIM-20260917-C001,C001,模拟_榕树下粉面店,2026-09-17,5,84.88,84.88,0.00,已结清
SIM-20260917-C002,C002,模拟_桥头家常菜馆,2026-09-17,6,157.94,157.94,0.00,已结清
SIM-20260917-C003,C003,模拟_兴街快餐店,2026-09-17,7,252.22,0.00,252.22,未结清
SIM-20260917-C004,C004,模拟_田畔饭店,2026-09-17,6,174.41,174.41,0.00,已结清
SIM-20260917-C005,C005,模拟_青禾小学食堂,2026-09-17,8,450.38,0.00,450.38,未结清
SIM-20260917-C006,C006,模拟_溪桥医院食堂,2026-09-17,7,271.04,0.00,271.04,未结清
SIM-20260918-C001,C001,模拟_榕树下粉面店,2026-09-18,7,228.98,228.98,0.00,已结清
SIM-20260918-C002,C002,模拟_桥头家常菜馆,2026-09-18,8,598.05,598.05,0.00,已结清
SIM-20260918-C003,C003,模拟_兴街快餐店,2026-09-18,9,899.36,0.00,899.36,未结清
SIM-20260918-C005,C005,模拟_青禾小学食堂,2026-09-18,6,254.35,0.00,254.35,未结清
SIM-20260918-C006,C006,模拟_溪桥医院食堂,2026-09-18,6,206.86,0.00,206.86,未结清
SIM-20260919-C001,C001,模拟_榕树下粉面店,2026-09-19,5,88.21,88.21,0.00,已结清
SIM-20260919-C002,C002,模拟_桥头家常菜馆,2026-09-19,6,213.97,213.97,0.00,已结清
SIM-20260919-C003,C003,模拟_兴街快餐店,2026-09-19,7,233.82,0.00,233.82,未结清
SIM-20260919-C004,C004,模拟_田畔饭店,2026-09-19,7,225.56,225.56,0.00,已结清
SIM-20260919-C006,C006,模拟_溪桥医院食堂,2026-09-19,8,305.63,0.00,305.63,未结清
SIM-20260920-C002,C002,模拟_桥头家常菜馆,2026-09-20,5,147.07,147.07,0.00,已结清
SIM-20260920-C005,C005,模拟_青禾小学食堂,2026-09-20,7,456.50,0.00,456.50,未结清
SIM-20260920-C006,C006,模拟_溪桥医院食堂,2026-09-20,6,225.64,0.00,225.64,未结清
SIM-20260921-C001,C001,模拟_榕树下粉面店,2026-09-21,4,44.39,44.39,0.00,已结清
SIM-20260921-C003,C003,模拟_兴街快餐店,2026-09-21,6,134.26,0.00,134.26,未结清
SIM-20260921-C005,C005,模拟_青禾小学食堂,2026-09-21,9,1091.54,0.00,1091.54,未结清
SIM-20260921-C006,C006,模拟_溪桥医院食堂,2026-09-21,9,880.63,0.00,880.63,未结清
SIM-20260922-C001,C001,模拟_榕树下粉面店,2026-09-22,6,85.49,85.49,0.00,已结清
SIM-20260922-C002,C002,模拟_桥头家常菜馆,2026-09-22,7,161.97,161.97,0.00,已结清
SIM-20260922-C003,C003,模拟_兴街快餐店,2026-09-22,8,263.79,0.00,263.79,未结清
SIM-20260922-C004,C004,模拟_田畔饭店,2026-09-22,7,170.41,170.41,0.00,已结清
SIM-20260922-C005,C005,模拟_青禾小学食堂,2026-09-22,7,380.70,0.00,380.70,未结清
SIM-20260922-C006,C006,模拟_溪桥医院食堂,2026-09-22,7,214.28,0.00,214.28,未结清
SIM-20260923-C001,C001,模拟_榕树下粉面店,2026-09-23,4,45.51,45.51,0.00,已结清
SIM-20260923-C002,C002,模拟_桥头家常菜馆,2026-09-23,5,117.89,117.89,0.00,已结清
SIM-20260923-C003,C003,模拟_兴街快餐店,2026-09-23,6,173.09,0.00,173.09,未结清
SIM-20260923-C005,C005,模拟_青禾小学食堂,2026-09-23,6,253.08,0.00,253.08,未结清
SIM-20260923-C006,C006,模拟_溪桥医院食堂,2026-09-23,7,299.05,0.00,299.05,未结清
SIM-20260924-C001,C001,模拟_榕树下粉面店,2026-09-24,7,259.33,259.33,0.00,已结清
SIM-20260924-C002,C002,模拟_桥头家常菜馆,2026-09-24,8,575.13,575.13,0.00,已结清
SIM-20260924-C003,C003,模拟_兴街快餐店,2026-09-24,9,948.88,0.00,948.88,未结清
SIM-20260924-C004,C004,模拟_田畔饭店,2026-09-24,9,638.10,638.10,0.00,已结清
SIM-20260924-C005,C005,模拟_青禾小学食堂,2026-09-24,8,424.63,0.00,424.63,未结清
SIM-20260924-C006,C006,模拟_溪桥医院食堂,2026-09-24,6,203.35,0.00,203.35,未结清
SIM-20260925-C001,C001,模拟_榕树下粉面店,2026-09-25,5,39.07,39.07,0.00,已结清
SIM-20260925-C002,C002,模拟_桥头家常菜馆,2026-09-25,6,152.36,152.36,0.00,已结清
SIM-20260925-C003,C003,模拟_兴街快餐店,2026-09-25,7,200.62,0.00,200.62,未结清
SIM-20260925-C006,C006,模拟_溪桥医院食堂,2026-09-25,8,310.88,0.00,310.88,未结清
SIM-20260926-C001,C001,模拟_榕树下粉面店,2026-09-26,5,79.06,79.06,0.00,已结清
SIM-20260926-C002,C002,模拟_桥头家常菜馆,2026-09-26,6,197.82,197.82,0.00,已结清
SIM-20260926-C003,C003,模拟_兴街快餐店,2026-09-26,7,255.25,0.00,255.25,未结清
SIM-20260926-C004,C004,模拟_田畔饭店,2026-09-26,6,190.44,190.44,0.00,已结清
SIM-20260926-C006,C006,模拟_溪桥医院食堂,2026-09-26,8,750.79,0.00,750.79,未结清
SIM-20260927-C002,C002,模拟_桥头家常菜馆,2026-09-27,5,173.25,173.25,0.00,已结清
SIM-20260927-C006,C006,模拟_溪桥医院食堂,2026-09-27,7,272.22,0.00,272.22,未结清
SIM-20260928-C001,C001,模拟_榕树下粉面店,2026-09-28,4,49.35,49.35,0.00,已结清
SIM-20260928-C003,C003,模拟_兴街快餐店,2026-09-28,6,165.36,0.00,165.36,未结清
SIM-20260928-C005,C005,模拟_青禾小学食堂,2026-09-28,6,274.44,0.00,274.44,未结清
SIM-20260928-C006,C006,模拟_溪桥医院食堂,2026-09-28,7,190.85,0.00,190.85,未结清
SIM-20260929-C001,C001,模拟_榕树下粉面店,2026-09-29,6,96.36,96.36,0.00,已结清
SIM-20260929-C002,C002,模拟_桥头家常菜馆,2026-09-29,7,186.05,186.05,0.00,已结清
SIM-20260929-C003,C003,模拟_兴街快餐店,2026-09-29,8,275.36,0.00,275.36,未结清
SIM-20260929-C004,C004,模拟_田畔饭店,2026-09-29,8,230.00,230.00,0.00,已结清
SIM-20260929-C005,C005,模拟_青禾小学食堂,2026-09-29,9,1218.25,0.00,1218.25,未结清
SIM-20260929-C006,C006,模拟_溪桥医院食堂,2026-09-29,7,256.09,0.00,256.09,未结清
SIM-20260930-C001,C001,模拟_榕树下粉面店,2026-09-30,6,222.68,222.68,0.00,已结清
SIM-20260930-C002,C002,模拟_桥头家常菜馆,2026-09-30,7,528.14,528.14,0.00,已结清
SIM-20260930-C003,C003,模拟_兴街快餐店,2026-09-30,8,858.67,0.00,858.67,未结清
SIM-20260930-C005,C005,模拟_青禾小学食堂,2026-09-30,7,232.01,0.00,232.01,未结清
SIM-20260930-C006,C006,模拟_溪桥医院食堂,2026-09-30,6,228.52,0.00,228.52,未结清
