order_id,line_no,customer_id,order_date,product_id,unit,ordered_qty,delivered_qty,returned_qty,unit_price,delivery_note,is_simulated
SIM-20260901-C001,1,C001,2026-09-01,P012,公斤,4.1,4.1,0.0,4.60,正常交付,true
SIM-20260901-C001,2,C001,2026-09-01,P005,公斤,3.3,3.3,0.0,2.70,正常交付,true
SIM-20260901-C001,3,C001,2026-09-01,P002,公斤,2.6,2.6,0.0,2.30,正常交付,true
SIM-20260901-C001,4,C001,2026-09-01,P004,公斤,3.0,3.0,0.0,2.30,正常交付,true
SIM-20260901-C001,5,C001,2026-09-01,P016,公斤,3.0,3.0,0.0,10.10,正常交付,true
SIM-20260901-C001,6,C001,2026-09-01,P015,公斤,0.5,0.5,0.0,7.30,正常交付,true
SIM-20260901-C001,7,C001,2026-09-01,P019,桶,1.0,1.0,0.0,71.00,正常交付,true
SIM-20260901-C001,8,C001,2026-09-01,P018,袋,1.0,1.0,0.0,111.00,正常交付,true
SIM-20260901-C002,1,C002,2026-09-01,P011,公斤,4.5,4.5,0.0,4.40,正常交付,true
SIM-20260901-C002,2,C002,2026-09-01,P001,公斤,4.5,4.5,0.0,3.30,正常交付,true
SIM-20260901-C002,3,C002,2026-09-01,P006,公斤,9.0,9.0,0.0,4.60,正常交付,true
SIM-20260901-C002,4,C002,2026-09-01,P013,公斤,4.5,4.5,0.0,6.30,正常交付,true
SIM-20260901-C002,5,C002,2026-09-01,P003,公斤,6.4,6.4,0.0,3.30,正常交付,true
SIM-20260901-C002,6,C002,2026-09-01,P016,公斤,4.0,4.0,0.0,10.10,正常交付,true
SIM-20260901-C002,7,C002,2026-09-01,P015,公斤,1.0,1.0,0.0,7.30,正常交付,true
SIM-20260901-C002,8,C002,2026-09-01,P017,袋,3.0,3.0,0.0,118.00,正常交付,true
SIM-20260901-C002,9,C002,2026-09-01,P019,桶,1.0,1.0,0.0,71.00,正常交付,true
SIM-20260901-C003,1,C003,2026-09-01,P011,公斤,7.6,7.6,0.0,4.40,正常交付,true
SIM-20260901-C003,2,C003,2026-09-01,P004,公斤,3.5,3.5,0.0,2.30,正常交付,true
SIM-20260901-C003,3,C003,2026-09-01,P005,公斤,8.1,8.1,0.0,2.70,正常交付,true
SIM-20260901-C003,4,C003,2026-09-01,P003,公斤,6.6,6.6,0.0,3.30,正常交付,true
SIM-20260901-C003,5,C003,2026-09-01,P001,公斤,7.1,7.1,0.0,3.30,正常交付,true
SIM-20260901-C003,6,C003,2026-09-01,P008,公斤,4.1,4.1,0.0,4.10,正常交付,true
SIM-20260901-C003,7,C003,2026-09-01,P016,公斤,6.0,6.0,0.0,10.10,正常交付,true
SIM-20260901-C003,8,C003,2026-09-01,P015,公斤,1.0,1.0,0.0,7.30,正常交付,true
SIM-20260901-C003,9,C003,2026-09-01,P017,袋,5.0,5.0,0.0,118.00,正常交付,true
SIM-20260901-C003,10,C003,2026-09-01,P020,桶,2.0,2.0,0.0,59.00,正常交付,true
SIM-20260901-C004,1,C004,2026-09-01,P010,公斤,5.0,5.0,0.0,5.00,正常交付,true
SIM-20260901-C004,2,C004,2026-09-01,P005,公斤,7.5,7.5,0.0,2.70,正常交付,true
SIM-20260901-C004,3,C004,2026-09-01,P001,公斤,5.5,5.5,0.0,3.30,正常交付,true
SIM-20260901-C004,4,C004,2026-09-01,P003,公斤,5.5,5.0,0.0,3.30,到货不足；按实际交付计费,true
SIM-20260901-C004,5,C004,2026-09-01,P009,公斤,6.5,6.5,0.0,5.00,正常交付,true
SIM-20260901-C004,6,C004,2026-09-01,P008,公斤,6.5,6.5,0.0,4.10,正常交付,true
SIM-20260901-C004,7,C004,2026-09-01,P016,公斤,5.0,4.8,0.0,10.10,到货不足；按实际交付计费,true
SIM-20260901-C004,8,C004,2026-09-01,P015,公斤,1.0,1.0,0.0,7.30,正常交付,true
SIM-20260901-C004,9,C004,2026-09-01,P017,袋,3.0,3.0,0.0,118.00,正常交付,true
SIM-20260901-C004,10,C004,2026-09-01,P019,桶,1.0,1.0,0.0,71.00,正常交付,true
SIM-20260901-C005,1,C005,2026-09-01,P011,公斤,14.4,14.4,0.0,4.40,正常交付,true
SIM-20260901-C005,2,C005,2026-09-01,P007,公斤,12.6,12.6,0.0,5.15,正常交付,true
SIM-20260901-C005,3,C005,2026-09-01,P001,公斤,12.6,12.6,0.0,3.30,正常交付,true
SIM-20260901-C005,4,C005,2026-09-01,P004,公斤,12.6,12.6,0.0,2.30,正常交付,true
SIM-20260901-C005,5,C005,2026-09-01,P006,公斤,8.1,8.1,0.0,4.60,正常交付,true
SIM-20260901-C005,6,C005,2026-09-01,P005,公斤,9.0,9.0,0.0,2.70,正常交付,true
SIM-20260901-C005,7,C005,2026-09-01,P016,公斤,12.0,12.0,0.0,10.10,正常交付,true
SIM-20260901-C005,8,C005,2026-09-01,P015,公斤,1.0,0.7,0.0,7.30,到货不足；按实际交付计费,true
SIM-20260901-C005,9,C005,2026-09-01,P017,袋,6.0,6.0,0.0,118.00,正常交付,true
SIM-20260901-C005,10,C005,2026-09-01,P020,桶,2.0,2.0,0.0,59.00,正常交付,true
SIM-20260901-C006,1,C006,2026-09-01,P010,公斤,7.6,7.6,0.0,5.00,正常交付,true
SIM-20260901-C006,2,C006,2026-09-01,P013,公斤,6.7,6.7,0.0,6.30,正常交付,true
SIM-20260901-C006,3,C006,2026-09-01,P008,公斤,7.6,7.6,0.0,4.10,正常交付,true
SIM-20260901-C006,4,C006,2026-09-01,P005,公斤,6.7,6.7,0.0,2.70,正常交付,true
SIM-20260901-C006,5,C006,2026-09-01,P009,公斤,9.3,9.3,0.0,5.00,正常交付,true
SIM-20260901-C006,6,C006,2026-09-01,P006,公斤,13.5,13.5,0.0,4.60,正常交付,true
SIM-20260901-C006,7,C006,2026-09-01,P016,公斤,9.0,9.0,0.0,10.10,正常交付,true
SIM-20260901-C006,8,C006,2026-09-01,P015,公斤,1.0,1.0,0.0,7.30,正常交付,true
SIM-20260901-C006,9,C006,2026-09-01,P017,袋,4.0,4.0,0.0,118.00,正常交付,true
SIM-20260901-C006,10,C006,2026-09-01,P020,桶,2.0,2.0,0.0,59.00,正常交付,true
SIM-20260902-C001,1,C001,2026-09-02,P011,公斤,2.6,2.6,0.3,4.40,正常交付；签收时挑出黄叶退回,true
SIM-20260902-C001,2,C001,2026-09-02,P008,公斤,3.2,3.2,0.0,4.10,正常交付,true
SIM-20260902-C001,3,C001,2026-09-02,P014,公斤,3.0,3.0,0.0,4.70,正常交付,true
SIM-20260902-C001,4,C001,2026-09-02,P003,公斤,3.2,3.2,0.0,3.30,正常交付,true
SIM-20260902-C002,1,C002,2026-09-02,P011,公斤,3.5,3.5,0.0,4.40,正常交付,true
SIM-20260902-C002,2,C002,2026-09-02,P002,公斤,6.5,6.5,0.0,2.30,正常交付,true
SIM-20260902-C002,3,C002,2026-09-02,P006,公斤,6.5,6.5,0.0,4.60,正常交付,true
SIM-20260902-C002,4,C002,2026-09-02,P004,公斤,7.0,7.0,0.0,2.30,正常交付,true
SIM-20260902-C002,5,C002,2026-09-02,P001,公斤,5.5,5.5,0.0,3.30,正常交付,true
SIM-20260902-C003,1,C003,2026-09-02,P012,公斤,6.8,6.8,0.0,4.60,正常交付,true
SIM-20260902-C003,2,C003,2026-09-02,P009,公斤,5.1,5.1,0.0,5.00,正常交付,true
SIM-20260902-C003,3,C003,2026-09-02,P008,公斤,6.3,6.3,0.0,4.10,正常交付,true
SIM-20260902-C003,4,C003,2026-09-02,P003,公斤,6.3,6.3,0.0,3.30,正常交付,true
SIM-20260902-C003,5,C003,2026-09-02,P001,公斤,8.0,8.0,0.0,3.30,正常交付,true
SIM-20260902-C003,6,C003,2026-09-02,P007,公斤,5.7,5.7,0.0,5.15,正常交付,true
SIM-20260902-C005,1,C005,2026-09-02,P012,公斤,11.4,11.4,0.0,4.60,正常交付,true
SIM-20260902-C005,2,C005,2026-09-02,P006,公斤,15.2,15.2,0.0,4.60,正常交付,true
SIM-20260902-C005,3,C005,2026-09-02,P013,公斤,7.6,7.6,0.0,6.30,正常交付,true
SIM-20260902-C005,4,C005,2026-09-02,P004,公斤,8.6,8.6,0.0,2.30,正常交付,true
SIM-20260902-C005,5,C005,2026-09-02,P002,公斤,12.4,12.4,0.0,2.30,正常交付,true
SIM-20260902-C005,6,C005,2026-09-02,P001,公斤,10.5,10.5,0.0,3.30,正常交付,true
SIM-20260902-C006,1,C006,2026-09-02,P010,公斤,9.0,9.0,0.0,5.00,正常交付,true
SIM-20260902-C006,2,C006,2026-09-02,P009,公斤,10.4,10.4,0.0,5.00,正常交付,true
SIM-20260902-C006,3,C006,2026-09-02,P008,公斤,8.3,8.3,0.0,4.10,正常交付,true
SIM-20260902-C006,4,C006,2026-09-02,P014,公斤,4.8,4.8,0.0,4.70,正常交付,true
SIM-20260902-C006,5,C006,2026-09-02,P013,公斤,8.3,8.3,0.0,6.30,正常交付,true
SIM-20260902-C006,6,C006,2026-09-02,P001,公斤,4.8,4.8,0.0,3.30,正常交付,true
SIM-20260903-C001,1,C001,2026-09-03,P011,公斤,2.6,2.4,0.0,4.40,到货不足；按实际交付计费,true
SIM-20260903-C001,2,C001,2026-09-03,P009,公斤,2.8,2.8,0.0,5.00,正常交付,true
SIM-20260903-C001,3,C001,2026-09-03,P007,公斤,3.0,2.5,0.0,5.15,到货不足；按实际交付计费,true
SIM-20260903-C001,4,C001,2026-09-03,P001,公斤,3.0,3.0,0.0,3.30,正常交付,true
SIM-20260903-C001,5,C001,2026-09-03,P016,公斤,3.0,3.0,0.0,10.10,正常交付,true
SIM-20260903-C002,1,C002,2026-09-03,P011,公斤,5.8,5.8,0.0,4.40,正常交付,true
SIM-20260903-C002,2,C002,2026-09-03,P003,公斤,3.5,3.5,0.0,3.30,正常交付,true
SIM-20260903-C002,3,C002,2026-09-03,P004,公斤,7.1,7.1,0.0,2.30,正常交付,true
SIM-20260903-C002,4,C002,2026-09-03,P002,公斤,4.9,4.7,0.0,2.30,到货不足；按实际交付计费,true
SIM-20260903-C002,5,C002,2026-09-03,P013,公斤,5.3,5.3,0.0,6.30,正常交付,true
SIM-20260903-C002,6,C002,2026-09-03,P016,公斤,4.0,4.0,0.0,10.10,正常交付,true
SIM-20260903-C003,1,C003,2026-09-03,P010,公斤,8.2,8.2,0.0,5.00,正常交付,true
SIM-20260903-C003,2,C003,2026-09-03,P009,公斤,4.6,4.6,0.0,5.00,正常交付,true
SIM-20260903-C003,3,C003,2026-09-03,P002,公斤,6.2,6.2,0.0,2.30,正常交付,true
SIM-20260903-C003,4,C003,2026-09-03,P006,公斤,6.7,6.7,0.0,4.60,正常交付,true
SIM-20260903-C003,5,C003,2026-09-03,P014,公斤,7.2,7.2,0.0,4.70,正常交付,true
SIM-20260903-C003,6,C003,2026-09-03,P003,公斤,6.2,5.7,0.0,3.30,到货不足；按实际交付计费,true
SIM-20260903-C003,7,C003,2026-09-03,P016,公斤,6.0,6.0,0.0,10.10,正常交付,true
SIM-20260903-C004,1,C004,2026-09-03,P010,公斤,5.6,5.6,0.0,5.00,正常交付,true
SIM-20260903-C004,2,C004,2026-09-03,P006,公斤,4.1,4.1,0.0,4.60,正常交付,true
SIM-20260903-C004,3,C004,2026-09-03,P003,公斤,7.6,7.6,0.0,3.30,正常交付,true
SIM-20260903-C004,4,C004,2026-09-03,P013,公斤,7.6,7.6,0.0,6.30,正常交付,true
SIM-20260903-C004,5,C004,2026-09-03,P007,公斤,7.1,7.1,0.0,5.15,正常交付,true
SIM-20260903-C004,6,C004,2026-09-03,P009,公斤,7.1,7.1,0.0,5.00,正常交付,true
SIM-20260903-C005,1,C005,2026-09-03,P010,公斤,8.2,8.2,0.0,5.00,正常交付,true
SIM-20260903-C005,2,C005,2026-09-03,P001,公斤,8.2,8.2,0.0,3.30,正常交付,true
SIM-20260903-C005,3,C005,2026-09-03,P008,公斤,13.3,13.3,0.0,4.10,正常交付,true
SIM-20260903-C005,4,C005,2026-09-03,P009,公斤,7.2,7.2,0.0,5.00,正常交付,true
SIM-20260903-C005,5,C005,2026-09-03,P013,公斤,8.2,8.2,0.0,6.30,正常交付,true
SIM-20260903-C005,6,C005,2026-09-03,P005,公斤,16.4,16.4,0.0,2.70,正常交付,true
SIM-20260903-C005,7,C005,2026-09-03,P016,公斤,12.0,12.0,0.0,10.10,正常交付,true
SIM-20260903-C006,1,C006,2026-09-03,P011,公斤,5.0,5.0,0.0,4.40,正常交付,true
SIM-20260903-C006,2,C006,2026-09-03,P004,公斤,4.4,4.4,0.0,2.30,正常交付,true
SIM-20260903-C006,3,C006,2026-09-03,P003,公斤,8.8,8.8,0.0,3.30,正常交付,true
SIM-20260903-C006,4,C006,2026-09-03,P014,公斤,9.5,9.5,0.0,4.70,正常交付,true
SIM-20260903-C006,5,C006,2026-09-03,P002,公斤,10.1,10.1,0.0,2.30,正常交付,true
SIM-20260903-C006,6,C006,2026-09-03,P008,公斤,8.2,8.2,0.0,4.10,正常交付,true
SIM-20260903-C006,7,C006,2026-09-03,P016,公斤,9.0,9.0,0.0,10.10,正常交付,true
SIM-20260904-C001,1,C001,2026-09-04,P012,公斤,2.6,2.6,0.0,4.60,正常交付,true
SIM-20260904-C001,2,C001,2026-09-04,P008,公斤,2.0,2.0,0.0,4.10,正常交付,true
SIM-20260904-C001,3,C001,2026-09-04,P007,公斤,3.1,3.1,0.0,5.15,正常交付,true
SIM-20260904-C001,4,C001,2026-09-04,P009,公斤,2.9,2.9,0.0,5.00,正常交付,true
SIM-20260904-C001,5,C001,2026-09-04,P015,公斤,0.5,0.3,0.0,7.30,到货不足；按实际交付计费,true
SIM-20260904-C002,1,C002,2026-09-04,P012,公斤,4.2,4.2,0.5,4.60,正常交付；签收时挑出黄叶退回,true
SIM-20260904-C002,2,C002,2026-09-04,P014,公斤,6.0,6.0,0.0,4.70,正常交付,true
SIM-20260904-C002,3,C002,2026-09-04,P002,公斤,6.7,6.7,0.0,2.30,正常交付,true
SIM-20260904-C002,4,C002,2026-09-04,P006,公斤,9.1,9.1,0.0,4.60,正常交付,true
SIM-20260904-C002,5,C002,2026-09-04,P013,公斤,7.3,7.3,0.0,6.30,正常交付,true
SIM-20260904-C002,6,C002,2026-09-04,P015,公斤,1.0,1.0,0.0,7.30,正常交付,true
SIM-20260904-C003,1,C003,2026-09-04,P011,公斤,8.7,8.7,0.0,4.40,正常交付,true
SIM-20260904-C003,2,C003,2026-09-04,P007,公斤,5.3,5.3,0.0,5.15,正常交付,true
SIM-20260904-C003,3,C003,2026-09-04,P002,公斤,8.0,8.0,0.0,2.30,正常交付,true
SIM-20260904-C003,4,C003,2026-09-04,P013,公斤,10.7,10.7,0.0,6.30,正常交付,true
SIM-20260904-C003,5,C003,2026-09-04,P003,公斤,5.3,5.3,0.0,3.30,正常交付,true
SIM-20260904-C003,6,C003,2026-09-04,P014,公斤,6.0,6.0,0.0,4.70,正常交付,true
SIM-20260904-C003,7,C003,2026-09-04,P015,公斤,1.0,1.0,0.0,7.30,正常交付,true
SIM-20260904-C005,1,C005,2026-09-04,P012,公斤,15.2,15.2,0.0,4.60,正常交付,true
SIM-20260904-C005,2,C005,2026-09-04,P008,公斤,11.9,11.9,0.0,4.10,正常交付,true
SIM-20260904-C005,3,C005,2026-09-04,P003,公斤,8.7,8.7,0.0,3.30,正常交付,true
SIM-20260904-C005,4,C005,2026-09-04,P002,公斤,7.6,7.6,0.0,2.30,正常交付,true
SIM-20260904-C005,5,C005,2026-09-04,P006,公斤,17.3,17.3,0.0,4.60,正常交付,true
SIM-20260904-C005,6,C005,2026-09-04,P004,公斤,7.6,7.6,0.0,2.30,正常交付,true
SIM-20260904-C005,7,C005,2026-09-04,P015,公斤,1.0,1.0,0.0,7.30,正常交付,true
SIM-20260904-C006,1,C006,2026-09-04,P012,公斤,6.0,6.0,0.0,4.60,正常交付,true
SIM-20260904-C006,2,C006,2026-09-04,P003,公斤,8.0,8.0,0.0,3.30,正常交付,true
SIM-20260904-C006,3,C006,2026-09-04,P002,公斤,8.0,8.0,0.0,2.30,正常交付,true
SIM-20260904-C006,4,C006,2026-09-04,P009,公斤,8.6,8.6,0.0,5.00,正常交付,true
SIM-20260904-C006,5,C006,2026-09-04,P014,公斤,8.0,8.0,0.0,4.70,正常交付,true
SIM-20260904-C006,6,C006,2026-09-04,P005,公斤,4.7,4.7,0.0,2.70,正常交付,true
SIM-20260904-C006,7,C006,2026-09-04,P015,公斤,1.0,1.0,0.0,7.30,正常交付,true
SIM-20260905-C001,1,C001,2026-09-05,P010,公斤,3.1,3.1,0.0,5.00,正常交付,true
SIM-20260905-C001,2,C001,2026-09-05,P014,公斤,2.4,2.4,0.0,4.70,正常交付,true
SIM-20260905-C001,3,C001,2026-09-05,P003,公斤,3.1,3.1,0.0,3.30,正常交付,true
SIM-20260905-C001,4,C001,2026-09-05,P007,公斤,2.9,2.9,0.0,5.15,正常交付,true
SIM-20260905-C001,5,C001,2026-09-05,P016,公斤,3.0,3.0,0.0,10.10,正常交付,true
SIM-20260905-C002,1,C002,2026-09-05,P012,公斤,7.5,7.5,0.0,4.60,正常交付,true
SIM-20260905-C002,2,C002,2026-09-05,P013,公斤,8.8,8.8,0.0,6.30,正常交付,true
SIM-20260905-C002,3,C002,2026-09-05,P003,公斤,6.3,6.3,0.0,3.30,正常交付,true
SIM-20260905-C002,4,C002,2026-09-05,P007,公斤,6.9,6.9,0.0,5.15,正常交付,true
SIM-20260905-C002,5,C002,2026-09-05,P008,公斤,9.4,9.4,0.0,4.10,正常交付,true
SIM-20260905-C002,6,C002,2026-09-05,P016,公斤,4.0,4.0,0.0,10.10,正常交付,true
SIM-20260905-C003,1,C003,2026-09-05,P011,公斤,6.6,6.6,0.0,4.40,正常交付,true
SIM-20260905-C003,2,C003,2026-09-05,P009,公斤,6.6,6.6,0.0,5.00,正常交付,true
SIM-20260905-C003,3,C003,2026-09-05,P005,公斤,6.6,6.6,0.0,2.70,正常交付,true
SIM-20260905-C003,4,C003,2026-09-05,P001,公斤,4.9,4.9,0.0,3.30,正常交付,true
SIM-20260905-C003,5,C003,2026-09-05,P002,公斤,4.9,4.9,0.0,2.30,正常交付,true
SIM-20260905-C003,6,C003,2026-09-05,P008,公斤,8.2,8.2,0.0,4.10,正常交付,true
SIM-20260905-C003,7,C003,2026-09-05,P016,公斤,6.0,6.0,0.0,10.10,正常交付,true
SIM-20260905-C004,1,C004,2026-09-05,P012,公斤,9.4,9.4,0.0,4.60,正常交付,true
SIM-20260905-C004,2,C004,2026-09-05,P001,公斤,8.7,8.7,0.0,3.30,正常交付,true
SIM-20260905-C004,3,C004,2026-09-05,P008,公斤,5.1,5.1,0.0,4.10,正常交付,true
SIM-20260905-C004,4,C004,2026-09-05,P003,公斤,5.1,4.6,0.0,3.30,到货不足；按实际交付计费,true
SIM-20260905-C004,5,C004,2026-09-05,P002,公斤,11.6,11.6,0.0,2.30,正常交付,true
SIM-20260905-C004,6,C004,2026-09-05,P013,公斤,8.7,8.7,0.0,6.30,正常交付,true
SIM-20260905-C004,7,C004,2026-09-05,P016,公斤,5.0,5.0,0.0,10.10,正常交付,true
SIM-20260905-C006,1,C006,2026-09-05,P012,公斤,6.1,6.1,0.0,4.60,正常交付,true
SIM-20260905-C006,2,C006,2026-09-05,P001,公斤,9.4,8.9,0.0,3.30,到货不足；按实际交付计费,true
SIM-20260905-C006,3,C006,2026-09-05,P007,公斤,8.1,8.1,0.0,5.15,正常交付,true
SIM-20260905-C006,4,C006,2026-09-05,P004,公斤,10.8,10.8,0.0,2.30,正常交付,true
SIM-20260905-C006,5,C006,2026-09-05,P003,公斤,8.1,8.1,0.0,3.30,正常交付,true
SIM-20260905-C006,6,C006,2026-09-05,P009,公斤,7.4,7.4,0.0,5.00,正常交付,true
SIM-20260905-C006,7,C006,2026-09-05,P016,公斤,9.0,9.0,0.0,10.10,正常交付,true
SIM-20260906-C002,1,C002,2026-09-06,P012,公斤,7.8,7.8,0.3,4.60,正常交付；签收时挑出黄叶退回,true
SIM-20260906-C002,2,C002,2026-09-06,P006,公斤,6.7,6.7,0.0,4.60,正常交付,true
SIM-20260906-C002,3,C002,2026-09-06,P008,公斤,4.1,4.1,0.0,4.10,正常交付,true
SIM-20260906-C002,4,C002,2026-09-06,P014,公斤,7.2,7.2,0.0,4.70,正常交付,true
SIM-20260906-C002,5,C002,2026-09-06,P007,公斤,6.7,6.7,0.0,5.15,正常交付,true
SIM-20260906-C002,6,C002,2026-09-06,P017,袋,3.0,3.0,0.0,118.00,正常交付,true
SIM-20260906-C002,7,C002,2026-09-06,P019,桶,1.0,1.0,0.0,71.00,正常交付,true
SIM-20260906-C006,1,C006,2026-09-06,P011,公斤,7.6,7.6,0.0,4.40,正常交付,true
SIM-20260906-C006,2,C006,2026-09-06,P013,公斤,4.8,4.8,0.0,6.30,正常交付,true
SIM-20260906-C006,3,C006,2026-09-06,P002,公斤,11.0,11.0,0.0,2.30,正常交付,true
SIM-20260906-C006,4,C006,2026-09-06,P014,公斤,7.6,7.6,0.0,4.70,正常交付,true
SIM-20260906-C006,5,C006,2026-09-06,P003,公斤,5.5,5.5,0.0,3.30,正常交付,true
SIM-20260906-C006,6,C006,2026-09-06,P009,公斤,9.6,9.6,0.0,5.00,正常交付,true
SIM-20260906-C006,7,C006,2026-09-06,P017,袋,4.0,4.0,0.0,118.00,正常交付,true
SIM-20260906-C006,8,C006,2026-09-06,P020,桶,2.0,2.0,0.0,59.00,正常交付,true
SIM-20260907-C001,1,C001,2026-09-07,P010,公斤,3.3,3.3,0.0,5.00,正常交付,true
SIM-20260907-C001,2,C001,2026-09-07,P005,公斤,2.1,2.1,0.0,2.70,正常交付,true
SIM-20260907-C001,3,C001,2026-09-07,P001,公斤,3.3,3.3,0.0,3.30,正常交付,true
SIM-20260907-C001,4,C001,2026-09-07,P008,公斤,3.8,3.8,0.0,4.10,正常交付,true
SIM-20260907-C001,5,C001,2026-09-07,P019,桶,1.0,1.0,0.0,71.00,正常交付,true
SIM-20260907-C001,6,C001,2026-09-07,P018,袋,1.0,1.0,0.0,111.00,正常交付,true
SIM-20260907-C003,1,C003,2026-09-07,P012,公斤,5.5,5.5,0.0,4.60,正常交付,true
SIM-20260907-C003,2,C003,2026-09-07,P008,公斤,4.4,4.4,0.0,4.10,正常交付,true
SIM-20260907-C003,3,C003,2026-09-07,P009,公斤,7.2,7.2,0.0,5.00,正常交付,true
SIM-20260907-C003,4,C003,2026-09-07,P002,公斤,6.1,5.6,0.0,2.30,到货不足；按实际交付计费,true
SIM-20260907-C003,5,C003,2026-09-07,P006,公斤,8.8,8.8,0.0,4.60,正常交付,true
SIM-20260907-C003,6,C003,2026-09-07,P007,公斤,8.8,8.8,0.0,5.15,正常交付,true
SIM-20260907-C003,7,C003,2026-09-07,P017,袋,5.0,5.0,0.0,118.00,正常交付,true
SIM-20260907-C003,8,C003,2026-09-07,P020,桶,2.0,2.0,0.0,59.00,正常交付,true
SIM-20260907-C005,1,C005,2026-09-07,P012,公斤,12.0,12.0,0.0,4.60,正常交付,true
SIM-20260907-C005,2,C005,2026-09-07,P006,公斤,9.0,9.0,0.0,4.60,正常交付,true
SIM-20260907-C005,3,C005,2026-09-07,P004,公斤,12.0,12.0,0.0,2.30,正常交付,true
SIM-20260907-C005,4,C005,2026-09-07,P002,公斤,8.0,8.0,0.0,2.30,正常交付,true
SIM-20260907-C005,5,C005,2026-09-07,P014,公斤,10.0,10.0,0.0,4.70,正常交付,true
SIM-20260907-C005,6,C005,2026-09-07,P001,公斤,14.0,14.0,0.0,3.30,正常交付,true
SIM-20260907-C005,7,C005,2026-09-07,P016,公斤,12.0,12.0,0.0,10.10,正常交付,true
SIM-20260907-C006,1,C006,2026-09-07,P010,公斤,4.6,4.6,0.0,5.00,正常交付,true
SIM-20260907-C006,2,C006,2026-09-07,P001,公斤,8.6,8.6,0.0,3.30,正常交付,true
SIM-20260907-C006,3,C006,2026-09-07,P006,公斤,7.3,7.3,0.0,4.60,正常交付,true
SIM-20260907-C006,4,C006,2026-09-07,P013,公斤,9.3,9.3,0.0,6.30,正常交付,true
SIM-20260907-C006,5,C006,2026-09-07,P002,公斤,8.0,8.0,0.0,2.30,正常交付,true
SIM-20260907-C006,6,C006,2026-09-07,P003,公斤,9.3,9.3,0.0,3.30,正常交付,true
SIM-20260907-C006,7,C006,2026-09-07,P016,公斤,9.0,9.0,0.0,10.10,正常交付,true
SIM-20260907-C006,8,C006,2026-09-07,P015,公斤,1.0,1.0,0.0,7.30,正常交付,true
SIM-20260908-C001,1,C001,2026-09-08,P012,公斤,2.6,2.6,0.0,5.00,正常交付,true
SIM-20260908-C001,2,C001,2026-09-08,P006,公斤,2.3,2.3,0.0,4.80,正常交付,true
SIM-20260908-C001,3,C001,2026-09-08,P014,公斤,3.1,3.1,0.0,5.00,正常交付,true
SIM-20260908-C001,4,C001,2026-09-08,P005,公斤,3.1,3.1,0.0,2.70,正常交付,true
SIM-20260908-C001,5,C001,2026-09-08,P016,公斤,3.0,3.0,0.0,10.40,正常交付,true
SIM-20260908-C001,6,C001,2026-09-08,P015,公斤,0.5,0.5,0.0,7.20,正常交付,true
SIM-20260908-C002,1,C002,2026-09-08,P011,公斤,5.7,5.7,0.5,4.30,正常交付；签收时挑出黄叶退回,true
SIM-20260908-C002,2,C002,2026-09-08,P013,公斤,8.0,8.0,0.0,6.00,正常交付,true
SIM-20260908-C002,3,C002,2026-09-08,P005,公斤,4.0,4.0,0.0,2.70,正常交付,true
SIM-20260908-C002,4,C002,2026-09-08,P009,公斤,4.6,4.6,0.0,5.00,正常交付,true
SIM-20260908-C002,5,C002,2026-09-08,P006,公斤,5.1,5.1,0.0,4.80,正常交付,true
SIM-20260908-C002,6,C002,2026-09-08,P016,公斤,4.0,4.0,0.0,10.40,正常交付,true
SIM-20260908-C002,7,C002,2026-09-08,P015,公斤,1.0,1.0,0.0,7.20,正常交付,true
SIM-20260908-C003,1,C003,2026-09-08,P011,公斤,4.9,4.9,0.3,4.30,正常交付；签收时挑出黄叶退回,true
SIM-20260908-C003,2,C003,2026-09-08,P003,公斤,8.6,8.6,0.0,2.90,正常交付,true
SIM-20260908-C003,3,C003,2026-09-08,P014,公斤,5.9,5.9,0.0,5.00,正常交付,true
SIM-20260908-C003,4,C003,2026-09-08,P008,公斤,8.6,8.6,0.0,4.40,正常交付,true
SIM-20260908-C003,5,C003,2026-09-08,P002,公斤,8.6,8.6,0.0,2.70,正常交付,true
SIM-20260908-C003,6,C003,2026-09-08,P009,公斤,8.6,8.4,0.0,5.00,到货不足；按实际交付计费,true
SIM-20260908-C003,7,C003,2026-09-08,P016,公斤,6.0,6.0,0.0,10.40,正常交付,true
SIM-20260908-C003,8,C003,2026-09-08,P015,公斤,1.0,1.0,0.0,7.20,正常交付,true
SIM-20260908-C004,1,C004,2026-09-08,P011,公斤,6.4,6.4,0.0,4.30,正常交付,true
SIM-20260908-C004,2,C004,2026-09-08,P014,公斤,4.4,4.4,0.0,5.00,正常交付,true
SIM-20260908-C004,3,C004,2026-09-08,P001,公斤,5.6,5.6,0.0,3.30,正常交付,true
SIM-20260908-C004,4,C004,2026-09-08,P007,公斤,6.4,6.4,0.0,5.45,正常交付,true
SIM-20260908-C004,5,C004,2026-09-08,P003,公斤,6.0,6.0,0.0,2.90,正常交付,true
SIM-20260908-C004,6,C004,2026-09-08,P013,公斤,6.0,6.0,0.0,6.00,正常交付,true
SIM-20260908-C004,7,C004,2026-09-08,P015,公斤,1.0,1.0,0.0,7.20,正常交付,true
SIM-20260908-C005,1,C005,2026-09-08,P011,公斤,7.4,7.4,0.0,4.30,正常交付,true
SIM-20260908-C005,2,C005,2026-09-08,P001,公斤,6.5,6.5,0.0,3.30,正常交付,true
SIM-20260908-C005,3,C005,2026-09-08,P002,公斤,6.5,6.2,0.0,2.70,到货不足；按实际交付计费,true
SIM-20260908-C005,4,C005,2026-09-08,P003,公斤,14.9,14.9,0.0,2.90,正常交付,true
SIM-20260908-C005,5,C005,2026-09-08,P009,公斤,10.2,10.2,0.0,5.00,正常交付,true
SIM-20260908-C005,6,C005,2026-09-08,P013,公斤,10.2,10.2,0.0,6.00,正常交付,true
SIM-20260908-C005,7,C005,2026-09-08,P017,袋,6.0,6.0,0.0,116.00,正常交付,true
SIM-20260908-C005,8,C005,2026-09-08,P020,桶,2.0,2.0,0.0,59.00,正常交付,true
SIM-20260908-C006,1,C006,2026-09-08,P010,公斤,10.1,10.1,0.5,5.00,正常交付；签收时挑出黄叶退回,true
SIM-20260908-C006,2,C006,2026-09-08,P005,公斤,8.4,8.4,0.0,2.70,正常交付,true
SIM-20260908-C006,3,C006,2026-09-08,P009,公斤,8.4,8.4,0.0,5.00,正常交付,true
SIM-20260908-C006,4,C006,2026-09-08,P003,公斤,9.3,9.3,0.0,2.90,正常交付,true
SIM-20260908-C006,5,C006,2026-09-08,P004,公斤,5.9,5.9,0.0,2.70,正常交付,true
SIM-20260908-C006,6,C006,2026-09-08,P006,公斤,6.8,6.8,0.0,4.80,正常交付,true
SIM-20260909-C001,1,C001,2026-09-09,P011,公斤,3.4,3.4,0.0,4.30,正常交付,true
SIM-20260909-C001,2,C001,2026-09-09,P004,公斤,1.7,1.7,0.0,2.70,正常交付,true
SIM-20260909-C001,3,C001,2026-09-09,P013,公斤,3.2,3.2,0.0,6.00,正常交付,true
SIM-20260909-C001,4,C001,2026-09-09,P003,公斤,2.5,2.5,0.0,2.90,正常交付,true
SIM-20260909-C002,1,C002,2026-09-09,P012,公斤,3.2,3.2,0.0,5.00,正常交付,true
SIM-20260909-C002,2,C002,2026-09-09,P006,公斤,5.6,5.6,0.0,4.80,正常交付,true
SIM-20260909-C002,3,C002,2026-09-09,P003,公斤,4.4,4.4,0.0,2.90,正常交付,true
SIM-20260909-C002,4,C002,2026-09-09,P001,公斤,6.4,6.4,0.0,3.30,正常交付,true
SIM-20260909-C002,5,C002,2026-09-09,P004,公斤,6.0,6.0,0.0,2.70,正常交付,true
SIM-20260909-C003,1,C003,2026-09-09,P010,公斤,7.6,7.4,0.0,5.00,到货不足；按实际交付计费,true
SIM-20260909-C003,2,C003,2026-09-09,P001,公斤,4.1,4.1,0.0,3.30,正常交付,true
SIM-20260909-C003,3,C003,2026-09-09,P007,公斤,4.7,4.7,0.0,5.45,正常交付,true
SIM-20260909-C003,4,C003,2026-09-09,P004,公斤,6.5,6.5,0.0,2.70,正常交付,true
SIM-20260909-C003,5,C003,2026-09-09,P003,公斤,7.1,7.1,0.0,2.90,正常交付,true
SIM-20260909-C003,6,C003,2026-09-09,P006,公斤,8.2,8.2,0.0,4.80,正常交付,true
SIM-20260909-C005,1,C005,2026-09-09,P011,公斤,12.8,12.8,0.0,4.30,正常交付,true
SIM-20260909-C005,2,C005,2026-09-09,P008,公斤,8.2,8.2,0.0,4.40,正常交付,true
SIM-20260909-C005,3,C005,2026-09-09,P013,公斤,11.9,11.9,0.0,6.00,正常交付,true
SIM-20260909-C005,4,C005,2026-09-09,P004,公斤,8.2,8.2,0.0,2.70,正常交付,true
SIM-20260909-C005,5,C005,2026-09-09,P002,公斤,7.3,7.3,0.0,2.70,正常交付,true
SIM-20260909-C005,6,C005,2026-09-09,P007,公斤,13.7,13.7,0.0,5.45,正常交付,true
SIM-20260909-C005,7,C005,2026-09-09,P016,公斤,12.0,12.0,0.0,10.40,正常交付,true
SIM-20260909-C005,8,C005,2026-09-09,P015,公斤,1.0,1.0,0.0,7.20,正常交付,true
SIM-20260909-C006,1,C006,2026-09-09,P011,公斤,9.2,9.2,0.0,4.30,正常交付,true
SIM-20260909-C006,2,C006,2026-09-09,P013,公斤,8.6,8.6,0.0,6.00,正常交付,true
SIM-20260909-C006,3,C006,2026-09-09,P003,公斤,9.2,9.2,0.0,2.90,正常交付,true
SIM-20260909-C006,4,C006,2026-09-09,P005,公斤,6.7,6.7,0.0,2.70,正常交付,true
SIM-20260909-C006,5,C006,2026-09-09,P009,公斤,5.5,5.5,0.0,5.00,正常交付,true
SIM-20260909-C006,6,C006,2026-09-09,P004,公斤,7.9,7.9,0.0,2.70,正常交付,true
SIM-20260909-C006,7,C006,2026-09-09,P016,公斤,9.0,9.0,0.0,10.40,正常交付,true
SIM-20260910-C001,1,C001,2026-09-10,P012,公斤,2.5,2.5,0.5,5.00,正常交付；签收时挑出黄叶退回,true
SIM-20260910-C001,2,C001,2026-09-10,P005,公斤,3.2,3.2,0.0,2.70,正常交付,true
SIM-20260910-C001,3,C001,2026-09-10,P014,公斤,3.2,3.2,0.0,5.00,正常交付,true
SIM-20260910-C001,4,C001,2026-09-10,P006,公斤,2.3,2.3,0.0,4.80,正常交付,true
SIM-20260910-C001,5,C001,2026-09-10,P016,公斤,3.0,3.0,0.0,10.40,正常交付,true
SIM-20260910-C002,1,C002,2026-09-10,P011,公斤,3.3,3.3,0.0,4.30,正常交付,true
SIM-20260910-C002,2,C002,2026-09-10,P004,公斤,5.4,5.4,0.0,2.70,正常交付,true
SIM-20260910-C002,3,C002,2026-09-10,P006,公斤,5.0,5.0,0.0,4.80,正常交付,true
SIM-20260910-C002,4,C002,2026-09-10,P003,公斤,5.0,5.0,0.0,2.90,正常交付,true
SIM-20260910-C002,5,C002,2026-09-10,P002,公斤,6.7,6.7,0.0,2.70,正常交付,true
SIM-20260910-C002,6,C002,2026-09-10,P016,公斤,4.0,4.0,0.0,10.40,正常交付,true
SIM-20260910-C003,1,C003,2026-09-10,P012,公斤,7.0,7.0,0.2,5.00,正常交付；签收时挑出黄叶退回,true
SIM-20260910-C003,2,C003,2026-09-10,P007,公斤,6.4,6.4,0.0,5.45,正常交付,true
SIM-20260910-C003,3,C003,2026-09-10,P004,公斤,5.7,5.7,0.0,2.70,正常交付,true
SIM-20260910-C003,4,C003,2026-09-10,P013,公斤,5.7,5.7,0.0,6.00,正常交付,true
SIM-20260910-C003,5,C003,2026-09-10,P001,公斤,8.3,8.3,0.0,3.30,正常交付,true
SIM-20260910-C003,6,C003,2026-09-10,P009,公斤,7.6,7.6,0.0,5.00,正常交付,true
SIM-20260910-C003,7,C003,2026-09-10,P016,公斤,6.0,6.0,0.1,10.40,正常交付；签收时破损退回,true
SIM-20260910-C004,1,C004,2026-09-10,P012,公斤,4.5,4.5,0.0,5.00,正常交付,true
SIM-20260910-C004,2,C004,2026-09-10,P008,公斤,6.2,6.2,0.0,4.40,正常交付,true
SIM-20260910-C004,3,C004,2026-09-10,P006,公斤,6.8,6.8,0.0,4.80,正常交付,true
SIM-20260910-C004,4,C004,2026-09-10,P005,公斤,5.6,5.6,0.0,2.70,正常交付,true
SIM-20260910-C004,5,C004,2026-09-10,P009,公斤,6.2,6.2,0.0,5.00,正常交付,true
SIM-20260910-C004,6,C004,2026-09-10,P002,公斤,9.0,9.0,0.0,2.70,正常交付,true
SIM-20260910-C004,7,C004,2026-09-10,P016,公斤,5.0,5.0,0.1,10.40,正常交付；签收时破损退回,true
SIM-20260910-C005,1,C005,2026-09-10,P011,公斤,10.1,10.1,0.0,4.30,正常交付,true
SIM-20260910-C005,2,C005,2026-09-10,P002,公斤,10.9,10.9,0.0,2.70,正常交付,true
SIM-20260910-C005,3,C005,2026-09-10,P006,公斤,5.9,5.9,0.0,4.80,正常交付,true
SIM-20260910-C005,4,C005,2026-09-10,P005,公斤,9.3,9.3,0.0,2.70,正常交付,true
SIM-20260910-C005,5,C005,2026-09-10,P009,公斤,6.7,6.7,0.0,5.00,正常交付,true
SIM-20260910-C005,6,C005,2026-09-10,P003,公斤,13.5,13.5,0.0,2.90,正常交付,true
SIM-20260910-C006,1,C006,2026-09-10,P010,公斤,6.9,6.9,0.0,5.00,正常交付,true
SIM-20260910-C006,2,C006,2026-09-10,P005,公斤,6.9,6.9,0.0,2.70,正常交付,true
SIM-20260910-C006,3,C006,2026-09-10,P014,公斤,7.7,7.7,0.0,5.00,正常交付,true
SIM-20260910-C006,4,C006,2026-09-10,P001,公斤,6.0,5.8,0.0,3.30,到货不足；按实际交付计费,true
SIM-20260910-C006,5,C006,2026-09-10,P013,公斤,11.2,10.7,0.0,6.00,到货不足；按实际交付计费,true
SIM-20260910-C006,6,C006,2026-09-10,P008,公斤,6.0,6.0,0.0,4.40,正常交付,true
SIM-20260910-C006,7,C006,2026-09-10,P015,公斤,1.0,1.0,0.0,7.20,正常交付,true
SIM-20260911-C001,1,C001,2026-09-11,P012,公斤,2.1,2.1,0.2,5.00,正常交付；签收时挑出黄叶退回,true
SIM-20260911-C001,2,C001,2026-09-11,P007,公斤,2.9,2.6,0.0,5.45,到货不足；按实际交付计费,true
SIM-20260911-C001,3,C001,2026-09-11,P005,公斤,2.4,2.4,0.0,2.70,正常交付,true
SIM-20260911-C001,4,C001,2026-09-11,P003,公斤,3.2,3.2,0.0,2.90,正常交付,true
SIM-20260911-C001,5,C001,2026-09-11,P015,公斤,0.5,0.5,0.0,7.20,正常交付,true
SIM-20260911-C002,1,C002,2026-09-11,P012,公斤,8.6,8.6,0.0,5.00,正常交付,true
SIM-20260911-C002,2,C002,2026-09-11,P003,公斤,4.3,4.3,0.0,2.90,正常交付,true
SIM-20260911-C002,3,C002,2026-09-11,P009,公斤,9.9,9.9,0.0,5.00,正常交付,true
SIM-20260911-C002,4,C002,2026-09-11,P002,公斤,9.3,9.3,0.0,2.70,正常交付,true
SIM-20260911-C002,5,C002,2026-09-11,P014,公斤,4.3,4.3,0.0,5.00,正常交付,true
SIM-20260911-C002,6,C002,2026-09-11,P015,公斤,1.0,1.0,0.0,7.20,正常交付,true
SIM-20260911-C003,1,C003,2026-09-11,P010,公斤,9.0,9.0,0.0,5.00,正常交付,true
SIM-20260911-C003,2,C003,2026-09-11,P001,公斤,7.3,7.3,0.0,3.30,正常交付,true
SIM-20260911-C003,3,C003,2026-09-11,P014,公斤,3.9,3.9,0.0,5.00,正常交付,true
SIM-20260911-C003,4,C003,2026-09-11,P005,公斤,6.2,6.2,0.0,2.70,正常交付,true
SIM-20260911-C003,5,C003,2026-09-11,P003,公斤,5.1,5.1,0.0,2.90,正常交付,true
SIM-20260911-C003,6,C003,2026-09-11,P009,公斤,7.9,7.9,0.0,5.00,正常交付,true
SIM-20260911-C003,7,C003,2026-09-11,P015,公斤,1.0,1.0,0.0,7.20,正常交付,true
SIM-20260911-C005,1,C005,2026-09-11,P010,公斤,15.0,15.0,0.0,5.00,正常交付,true
SIM-20260911-C005,2,C005,2026-09-11,P013,公斤,16.0,16.0,0.0,6.00,正常交付,true
SIM-20260911-C005,3,C005,2026-09-11,P006,公斤,7.5,7.5,0.0,4.80,正常交付,true
SIM-20260911-C005,4,C005,2026-09-11,P001,公斤,8.5,8.5,0.0,3.30,正常交付,true
SIM-20260911-C005,5,C005,2026-09-11,P003,公斤,12.8,12.8,0.0,2.90,正常交付,true
SIM-20260911-C005,6,C005,2026-09-11,P007,公斤,9.6,9.6,0.0,5.45,正常交付,true
SIM-20260911-C005,7,C005,2026-09-11,P016,公斤,12.0,12.0,0.0,10.40,正常交付,true
SIM-20260911-C006,1,C006,2026-09-11,P012,公斤,12.3,12.3,0.3,5.00,正常交付；签收时挑出黄叶退回,true
SIM-20260911-C006,2,C006,2026-09-11,P004,公斤,5.4,5.4,0.0,2.70,正常交付,true
SIM-20260911-C006,3,C006,2026-09-11,P013,公斤,8.5,8.5,0.0,6.00,正常交付,true
SIM-20260911-C006,4,C006,2026-09-11,P002,公斤,9.2,9.2,0.0,2.70,正常交付,true
SIM-20260911-C006,5,C006,2026-09-11,P014,公斤,5.4,5.4,0.0,5.00,正常交付,true
SIM-20260911-C006,6,C006,2026-09-11,P007,公斤,7.7,7.7,0.0,5.45,正常交付,true
SIM-20260911-C006,7,C006,2026-09-11,P016,公斤,9.0,9.0,0.0,10.40,正常交付,true
SIM-20260911-C006,8,C006,2026-09-11,P017,袋,4.0,4.0,0.0,116.00,正常交付,true
SIM-20260911-C006,9,C006,2026-09-11,P020,桶,2.0,2.0,0.0,59.00,正常交付,true
SIM-20260912-C001,1,C001,2026-09-12,P011,公斤,3.2,3.2,0.0,4.30,正常交付,true
SIM-20260912-C001,2,C001,2026-09-12,P013,公斤,3.6,3.6,0.0,6.00,正常交付,true
SIM-20260912-C001,3,C001,2026-09-12,P014,公斤,3.0,3.0,0.0,5.00,正常交付,true
SIM-20260912-C001,4,C001,2026-09-12,P008,公斤,3.2,3.2,0.0,4.40,正常交付,true
SIM-20260912-C001,5,C001,2026-09-12,P016,公斤,3.0,3.0,0.0,10.40,正常交付,true
SIM-20260912-C001,6,C001,2026-09-12,P019,桶,1.0,1.0,0.0,66.00,正常交付,true
SIM-20260912-C001,7,C001,2026-09-12,P018,袋,1.0,1.0,0.0,108.00,正常交付,true
SIM-20260912-C002,1,C002,2026-09-12,P010,公斤,5.1,5.1,0.0,5.00,正常交付,true
SIM-20260912-C002,2,C002,2026-09-12,P003,公斤,4.6,4.6,0.0,2.90,正常交付,true
SIM-20260912-C002,3,C002,2026-09-12,P005,公斤,4.6,4.6,0.0,2.70,正常交付,true
SIM-20260912-C002,4,C002,2026-09-12,P009,公斤,8.6,8.6,0.0,5.00,正常交付,true
SIM-20260912-C002,5,C002,2026-09-12,P002,公斤,8.0,8.0,0.0,2.70,正常交付,true
SIM-20260912-C002,6,C002,2026-09-12,P016,公斤,4.0,4.0,0.0,10.40,正常交付,true
SIM-20260912-C002,7,C002,2026-09-12,P017,袋,3.0,3.0,0.0,116.00,正常交付,true
SIM-20260912-C002,8,C002,2026-09-12,P019,桶,1.0,1.0,0.0,66.00,正常交付,true
SIM-20260912-C003,1,C003,2026-09-12,P012,公斤,4.9,4.9,0.0,5.00,正常交付,true
SIM-20260912-C003,2,C003,2026-09-12,P013,公斤,6.3,6.3,0.0,6.00,正常交付,true
SIM-20260912-C003,3,C003,2026-09-12,P014,公斤,7.3,7.3,0.0,5.00,正常交付,true
SIM-20260912-C003,4,C003,2026-09-12,P003,公斤,4.4,4.4,0.0,2.90,正常交付,true
SIM-20260912-C003,5,C003,2026-09-12,P005,公斤,6.8,6.8,0.0,2.70,正常交付,true
SIM-20260912-C003,6,C003,2026-09-12,P002,公斤,7.8,7.8,0.0,2.70,正常交付,true
SIM-20260912-C003,7,C003,2026-09-12,P016,公斤,6.0,6.0,0.0,10.40,正常交付,true
SIM-20260912-C003,8,C003,2026-09-12,P017,袋,5.0,5.0,0.0,116.00,正常交付,true
SIM-20260912-C003,9,C003,2026-09-12,P020,桶,2.0,2.0,0.0,59.00,正常交付,true
SIM-20260912-C004,1,C004,2026-09-12,P011,公斤,7.2,7.2,0.3,4.30,正常交付；签收时挑出黄叶退回,true
SIM-20260912-C004,2,C004,2026-09-12,P005,公斤,7.2,6.9,0.0,2.70,到货不足；按实际交付计费,true
SIM-20260912-C004,3,C004,2026-09-12,P007,公斤,10.4,10.4,0.0,5.45,正常交付,true
SIM-20260912-C004,4,C004,2026-09-12,P008,公斤,6.5,6.3,0.0,4.40,到货不足；按实际交付计费,true
SIM-20260912-C004,5,C004,2026-09-12,P006,公斤,9.1,9.1,0.0,4.80,正常交付,true
SIM-20260912-C004,6,C004,2026-09-12,P004,公斤,5.2,5.2,0.0,2.70,正常交付,true
SIM-20260912-C004,7,C004,2026-09-12,P017,袋,3.0,3.0,0.0,116.00,正常交付,true
SIM-20260912-C004,8,C004,2026-09-12,P019,桶,1.0,1.0,0.0,66.00,正常交付,true
SIM-20260912-C006,1,C006,2026-09-12,P011,公斤,5.4,5.4,0.0,4.30,正常交付,true
SIM-20260912-C006,2,C006,2026-09-12,P005,公斤,8.8,8.8,0.0,2.70,正常交付,true
SIM-20260912-C006,3,C006,2026-09-12,P013,公斤,8.8,8.8,0.0,6.00,正常交付,true
SIM-20260912-C006,4,C006,2026-09-12,P006,公斤,8.8,8.8,0.0,4.80,正常交付,true
SIM-20260912-C006,5,C006,2026-09-12,P014,公斤,4.7,4.7,0.0,5.00,正常交付,true
SIM-20260912-C006,6,C006,2026-09-12,P008,公斤,6.8,6.8,0.0,4.40,正常交付,true
SIM-20260913-C002,1,C002,2026-09-13,P010,公斤,8.0,8.0,0.0,5.00,正常交付,true
SIM-20260913-C002,2,C002,2026-09-13,P006,公斤,8.6,8.6,0.0,4.80,正常交付,true
SIM-20260913-C002,3,C002,2026-09-13,P003,公斤,7.5,7.5,0.0,2.90,正常交付,true
SIM-20260913-C002,4,C002,2026-09-13,P008,公斤,6.9,6.4,0.0,4.40,到货不足；按实际交付计费,true
SIM-20260913-C002,5,C002,2026-09-13,P007,公斤,5.7,5.4,0.0,5.45,到货不足；按实际交付计费,true
SIM-20260913-C006,1,C006,2026-09-13,P012,公斤,9.3,9.3,0.0,5.00,正常交付,true
SIM-20260913-C006,2,C006,2026-09-13,P006,公斤,5.6,5.6,0.0,4.80,正常交付,true
SIM-20260913-C006,3,C006,2026-09-13,P014,公斤,7.4,7.4,0.0,5.00,正常交付,true
SIM-20260913-C006,4,C006,2026-09-13,P002,公斤,9.9,9.9,0.0,2.70,正常交付,true
SIM-20260913-C006,5,C006,2026-09-13,P008,公斤,7.4,7.1,0.0,4.40,到货不足；按实际交付计费,true
SIM-20260913-C006,6,C006,2026-09-13,P007,公斤,6.8,6.8,0.0,5.45,正常交付,true
SIM-20260913-C006,7,C006,2026-09-13,P016,公斤,9.0,9.0,0.0,10.40,正常交付,true
SIM-20260913-C006,8,C006,2026-09-13,P015,公斤,1.0,1.0,0.0,7.20,正常交付,true
SIM-20260914-C001,1,C001,2026-09-14,P010,公斤,2.0,2.0,0.0,5.00,正常交付,true
SIM-20260914-C001,2,C001,2026-09-14,P014,公斤,3.9,3.9,0.0,5.00,正常交付,true
SIM-20260914-C001,3,C001,2026-09-14,P003,公斤,3.7,3.2,0.0,2.90,到货不足；按实际交付计费,true
SIM-20260914-C001,4,C001,2026-09-14,P004,公斤,3.7,3.7,0.0,2.70,正常交付,true
SIM-20260914-C003,1,C003,2026-09-14,P012,公斤,6.5,6.5,0.2,5.00,正常交付；签收时挑出黄叶退回,true
SIM-20260914-C003,2,C003,2026-09-14,P004,公斤,8.0,8.0,0.0,2.70,正常交付,true
SIM-20260914-C003,3,C003,2026-09-14,P014,公斤,7.0,7.0,0.0,5.00,正常交付,true
SIM-20260914-C003,4,C003,2026-09-14,P013,公斤,7.5,7.5,0.0,6.00,正常交付,true
SIM-20260914-C003,5,C003,2026-09-14,P008,公斤,7.5,7.5,0.0,4.40,正常交付,true
SIM-20260914-C003,6,C003,2026-09-14,P005,公斤,6.0,6.0,0.0,2.70,正常交付,true
SIM-20260914-C005,1,C005,2026-09-14,P010,公斤,9.7,9.7,0.0,5.00,正常交付,true
SIM-20260914-C005,2,C005,2026-09-14,P004,公斤,12.1,12.1,0.0,2.70,正常交付,true
SIM-20260914-C005,3,C005,2026-09-14,P001,公斤,7.3,7.3,0.0,3.30,正常交付,true
SIM-20260914-C005,4,C005,2026-09-14,P008,公斤,7.3,7.3,0.0,4.40,正常交付,true
SIM-20260914-C005,5,C005,2026-09-14,P014,公斤,9.7,9.7,0.0,5.00,正常交付,true
SIM-20260914-C005,6,C005,2026-09-14,P003,公斤,10.5,10.5,0.0,2.90,正常交付,true
SIM-20260914-C005,7,C005,2026-09-14,P015,公斤,1.0,1.0,0.0,7.20,正常交付,true
SIM-20260914-C006,1,C006,2026-09-14,P010,公斤,6.5,6.5,0.0,5.00,正常交付,true
SIM-20260914-C006,2,C006,2026-09-14,P008,公斤,9.5,9.5,0.0,4.40,正常交付,true
SIM-20260914-C006,3,C006,2026-09-14,P014,公斤,7.7,7.5,0.0,5.00,到货不足；按实际交付计费,true
SIM-20260914-C006,4,C006,2026-09-14,P004,公斤,8.3,8.3,0.0,2.70,正常交付,true
SIM-20260914-C006,5,C006,2026-09-14,P013,公斤,5.3,5.3,0.0,6.00,正常交付,true
SIM-20260914-C006,6,C006,2026-09-14,P001,公斤,7.7,7.7,0.0,3.30,正常交付,true
SIM-20260915-C001,1,C001,2026-09-15,P010,公斤,3.2,3.2,0.0,4.50,正常交付,true
SIM-20260915-C001,2,C001,2026-09-15,P001,公斤,2.1,2.1,0.0,3.40,正常交付,true
SIM-20260915-C001,3,C001,2026-09-15,P005,公斤,2.6,2.6,0.0,3.20,正常交付,true
SIM-20260915-C001,4,C001,2026-09-15,P006,公斤,2.6,2.6,0.0,4.80,正常交付,true
SIM-20260915-C001,5,C001,2026-09-15,P016,公斤,3.0,3.0,0.0,10.20,正常交付,true
SIM-20260915-C001,6,C001,2026-09-15,P015,公斤,0.5,0.5,0.0,7.30,正常交付,true
SIM-20260915-C002,1,C002,2026-09-15,P012,公斤,5.0,5.0,0.0,5.20,正常交付,true
SIM-20260915-C002,2,C002,2026-09-15,P009,公斤,7.2,7.2,0.0,4.80,正常交付,true
SIM-20260915-C002,3,C002,2026-09-15,P013,公斤,3.9,3.9,0.0,6.00,正常交付,true
SIM-20260915-C002,4,C002,2026-09-15,P007,公斤,8.9,8.9,0.0,5.25,正常交付,true
SIM-20260915-C002,5,C002,2026-09-15,P003,公斤,5.5,5.5,0.0,3.50,正常交付,true
SIM-20260915-C002,6,C002,2026-09-15,P016,公斤,4.0,4.0,0.0,10.20,正常交付,true
SIM-20260915-C002,7,C002,2026-09-15,P015,公斤,1.0,1.0,0.0,7.30,正常交付,true
SIM-20260915-C003,1,C003,2026-09-15,P012,公斤,4.9,4.9,0.0,5.20,正常交付,true
SIM-20260915-C003,2,C003,2026-09-15,P001,公斤,6.7,6.7,0.0,3.40,正常交付,true
SIM-20260915-C003,3,C003,2026-09-15,P013,公斤,7.3,7.3,0.0,6.00,正常交付,true
SIM-20260915-C003,4,C003,2026-09-15,P008,公斤,7.3,7.3,0.0,4.40,正常交付,true
SIM-20260915-C003,5,C003,2026-09-15,P004,公斤,9.7,9.7,0.0,2.60,正常交付,true
SIM-20260915-C003,6,C003,2026-09-15,P003,公斤,7.3,7.3,0.0,3.50,正常交付,true
SIM-20260915-C003,7,C003,2026-09-15,P016,公斤,6.0,6.0,0.0,10.20,正常交付,true
SIM-20260915-C003,8,C003,2026-09-15,P015,公斤,1.0,1.0,0.0,7.30,正常交付,true
SIM-20260915-C004,1,C004,2026-09-15,P011,公斤,4.5,4.5,0.0,4.30,正常交付,true
SIM-20260915-C004,2,C004,2026-09-15,P007,公斤,7.8,7.8,0.0,5.25,正常交付,true
SIM-20260915-C004,3,C004,2026-09-15,P001,公斤,9.0,9.0,0.0,3.40,正常交付,true
SIM-20260915-C004,4,C004,2026-09-15,P014,公斤,5.6,5.6,0.0,5.00,正常交付,true
SIM-20260915-C004,5,C004,2026-09-15,P006,公斤,7.3,7.3,0.0,4.80,正常交付,true
SIM-20260915-C004,6,C004,2026-09-15,P003,公斤,8.4,8.4,0.0,3.50,正常交付,true
SIM-20260915-C004,7,C004,2026-09-15,P016,公斤,5.0,5.0,0.0,10.20,正常交付,true
SIM-20260915-C004,8,C004,2026-09-15,P015,公斤,1.0,1.0,0.0,7.30,正常交付,true
SIM-20260915-C005,1,C005,2026-09-15,P012,公斤,8.4,8.4,0.0,5.20,正常交付,true
SIM-20260915-C005,2,C005,2026-09-15,P014,公斤,8.4,8.4,0.0,5.00,正常交付,true
SIM-20260915-C005,3,C005,2026-09-15,P006,公斤,15.8,15.8,0.0,4.80,正常交付,true
SIM-20260915-C005,4,C005,2026-09-15,P001,公斤,7.4,7.4,0.0,3.40,正常交付,true
SIM-20260915-C005,5,C005,2026-09-15,P004,公斤,11.6,11.6,0.0,2.60,正常交付,true
SIM-20260915-C005,6,C005,2026-09-15,P002,公斤,13.7,13.7,0.0,2.70,正常交付,true
SIM-20260915-C005,7,C005,2026-09-15,P016,公斤,12.0,12.0,0.0,10.20,正常交付,true
SIM-20260915-C005,8,C005,2026-09-15,P017,袋,6.0,6.0,0.0,119.00,正常交付,true
SIM-20260915-C005,9,C005,2026-09-15,P020,桶,2.0,2.0,0.0,55.00,正常交付,true
SIM-20260915-C006,1,C006,2026-09-15,P011,公斤,9.5,9.5,0.0,4.30,正常交付,true
SIM-20260915-C006,2,C006,2026-09-15,P005,公斤,5.8,5.8,0.0,3.20,正常交付,true
SIM-20260915-C006,3,C006,2026-09-15,P014,公斤,8.8,8.8,0.0,5.00,正常交付,true
SIM-20260915-C006,4,C006,2026-09-15,P013,公斤,5.8,5.8,0.0,6.00,正常交付,true
SIM-20260915-C006,5,C006,2026-09-15,P001,公斤,11.7,11.7,0.0,3.40,正常交付,true
SIM-20260915-C006,6,C006,2026-09-15,P004,公斤,7.3,7.3,0.0,2.60,正常交付,true
SIM-20260915-C006,7,C006,2026-09-15,P016,公斤,9.0,9.0,0.0,10.20,正常交付,true
SIM-20260916-C001,1,C001,2026-09-16,P012,公斤,2.3,2.3,0.0,5.20,正常交付,true
SIM-20260916-C001,2,C001,2026-09-16,P002,公斤,3.9,3.9,0.0,2.70,正常交付,true
SIM-20260916-C001,3,C001,2026-09-16,P003,公斤,4.2,4.2,0.0,3.50,正常交付,true
SIM-20260916-C001,4,C001,2026-09-16,P006,公斤,2.9,2.9,0.0,4.80,正常交付,true
SIM-20260916-C002,1,C002,2026-09-16,P011,公斤,7.9,7.9,0.0,4.30,正常交付,true
SIM-20260916-C002,2,C002,2026-09-16,P005,公斤,5.5,5.5,0.0,3.20,正常交付,true
SIM-20260916-C002,3,C002,2026-09-16,P002,公斤,6.9,6.9,0.0,2.70,正常交付,true
SIM-20260916-C002,4,C002,2026-09-16,P004,公斤,5.5,5.5,0.0,2.60,正常交付,true
SIM-20260916-C002,5,C002,2026-09-16,P013,公斤,4.5,4.5,0.0,6.00,正常交付,true
SIM-20260916-C003,1,C003,2026-09-16,P010,公斤,4.9,4.9,0.0,4.50,正常交付,true
SIM-20260916-C003,2,C003,2026-09-16,P008,公斤,5.8,5.8,0.0,4.40,正常交付,true
SIM-20260916-C003,3,C003,2026-09-16,P001,公斤,7.3,7.3,0.0,3.40,正常交付,true
SIM-20260916-C003,4,C003,2026-09-16,P009,公斤,6.8,6.8,0.0,4.80,正常交付,true
SIM-20260916-C003,5,C003,2026-09-16,P006,公斤,6.3,6.3,0.0,4.80,正常交付,true
SIM-20260916-C003,6,C003,2026-09-16,P004,公斤,6.3,6.3,0.0,2.60,正常交付,true
SIM-20260916-C005,1,C005,2026-09-16,P011,公斤,9.1,9.1,0.0,4.30,正常交付,true
SIM-20260916-C005,2,C005,2026-09-16,P008,公斤,9.1,9.1,0.0,4.40,正常交付,true
SIM-20260916-C005,3,C005,2026-09-16,P001,公斤,11.1,11.1,0.0,3.40,正常交付,true
SIM-20260916-C005,4,C005,2026-09-16,P003,公斤,9.1,9.1,0.0,3.50,正常交付,true
SIM-20260916-C005,5,C005,2026-09-16,P009,公斤,9.1,9.1,0.0,4.80,正常交付,true
SIM-20260916-C005,6,C005,2026-09-16,P004,公斤,7.1,7.1,0.0,2.60,正常交付,true
SIM-20260916-C006,1,C006,2026-09-16,P011,公斤,9.9,9.9,0.0,4.30,正常交付,true
SIM-20260916-C006,2,C006,2026-09-16,P008,公斤,8.1,8.1,0.0,4.40,正常交付,true
SIM-20260916-C006,3,C006,2026-09-16,P009,公斤,9.9,9.9,0.0,4.80,正常交付,true
SIM-20260916-C006,4,C006,2026-09-16,P005,公斤,8.7,8.7,0.0,3.20,正常交付,true
SIM-20260916-C006,5,C006,2026-09-16,P004,公斤,9.9,9.9,0.0,2.60,正常交付,true
SIM-20260916-C006,6,C006,2026-09-16,P001,公斤,6.2,6.2,0.0,3.40,正常交付,true
SIM-20260916-C006,7,C006,2026-09-16,P015,公斤,1.0,1.0,0.0,7.30,正常交付,true
SIM-20260916-C006,8,C006,2026-09-16,P017,袋,4.0,4.0,0.0,119.00,正常交付,true
SIM-20260916-C006,9,C006,2026-09-16,P020,桶,2.0,2.0,0.0,55.00,正常交付,true
SIM-20260917-C001,1,C001,2026-09-17,P011,公斤,2.0,2.0,0.0,4.30,正常交付,true
SIM-20260917-C001,2,C001,2026-09-17,P005,公斤,4.5,4.5,0.0,3.20,正常交付,true
SIM-20260917-C001,3,C001,2026-09-17,P006,公斤,3.9,3.6,0.0,4.80,到货不足；按实际交付计费,true
SIM-20260917-C001,4,C001,2026-09-17,P014,公斤,2.8,2.8,0.0,5.00,正常交付,true
SIM-20260917-C001,5,C001,2026-09-17,P016,公斤,3.0,3.0,0.0,10.20,正常交付,true
SIM-20260917-C002,1,C002,2026-09-17,P012,公斤,4.5,4.2,0.0,5.20,到货不足；按实际交付计费,true
SIM-20260917-C002,2,C002,2026-09-17,P003,公斤,6.0,6.0,0.0,3.50,正常交付,true
SIM-20260917-C002,3,C002,2026-09-17,P004,公斤,5.5,5.5,0.0,2.60,正常交付,true
SIM-20260917-C002,4,C002,2026-09-17,P009,公斤,7.0,7.0,0.0,4.80,正常交付,true
SIM-20260917-C002,5,C002,2026-09-17,P008,公斤,6.0,6.0,0.0,4.40,正常交付,true
SIM-20260917-C002,6,C002,2026-09-17,P016,公斤,4.0,4.0,0.0,10.20,正常交付,true
SIM-20260917-C003,1,C003,2026-09-17,P012,公斤,4.7,4.7,0.2,5.20,正常交付；签收时挑出黄叶退回,true
SIM-20260917-C003,2,C003,2026-09-17,P001,公斤,10.1,9.6,0.0,3.40,到货不足；按实际交付计费,true
SIM-20260917-C003,3,C003,2026-09-17,P005,公斤,10.1,10.1,0.0,3.20,正常交付,true
SIM-20260917-C003,4,C003,2026-09-17,P007,公斤,6.0,6.0,0.0,5.25,正常交付,true
SIM-20260917-C003,5,C003,2026-09-17,P009,公斤,4.7,4.7,0.0,4.80,正常交付,true
SIM-20260917-C003,6,C003,2026-09-17,P013,公斤,8.1,8.1,0.0,6.00,正常交付,true
SIM-20260917-C003,7,C003,2026-09-17,P016,公斤,6.0,6.0,0.0,10.20,正常交付,true
SIM-20260917-C004,1,C004,2026-09-17,P012,公斤,8.6,8.6,0.0,5.20,正常交付,true
SIM-20260917-C004,2,C004,2026-09-17,P008,公斤,7.0,7.0,0.0,4.40,正常交付,true
SIM-20260917-C004,3,C004,2026-09-17,P001,公斤,3.8,3.8,0.0,3.40,正常交付,true
SIM-20260917-C004,4,C004,2026-09-17,P014,公斤,7.0,7.0,0.0,5.00,正常交付,true
SIM-20260917-C004,5,C004,2026-09-17,P002,公斤,7.5,7.5,0.0,2.70,正常交付,true
SIM-20260917-C004,6,C004,2026-09-17,P009,公斤,6.4,6.4,0.0,4.80,正常交付,true
SIM-20260917-C005,1,C005,2026-09-17,P011,公斤,11.4,11.4,0.2,4.30,正常交付；签收时挑出黄叶退回,true
SIM-20260917-C005,2,C005,2026-09-17,P006,公斤,8.3,8.3,0.0,4.80,正常交付,true
SIM-20260917-C005,3,C005,2026-09-17,P008,公斤,11.4,11.4,0.0,4.40,正常交付,true
SIM-20260917-C005,4,C005,2026-09-17,P014,公斤,16.5,16.5,0.0,5.00,正常交付,true
SIM-20260917-C005,5,C005,2026-09-17,P001,公斤,9.3,9.3,0.0,3.40,正常交付,true
SIM-20260917-C005,6,C005,2026-09-17,P013,公斤,11.4,11.4,0.0,6.00,正常交付,true
SIM-20260917-C005,7,C005,2026-09-17,P016,公斤,12.0,12.0,0.0,10.20,正常交付,true
SIM-20260917-C005,8,C005,2026-09-17,P015,公斤,1.0,1.0,0.0,7.30,正常交付,true
SIM-20260917-C006,1,C006,2026-09-17,P012,公斤,8.8,8.8,0.0,5.20,正常交付,true
SIM-20260917-C006,2,C006,2026-09-17,P014,公斤,6.5,6.5,0.0,5.00,正常交付,true
SIM-20260917-C006,3,C006,2026-09-17,P005,公斤,4.7,4.7,0.0,3.20,正常交付,true
SIM-20260917-C006,4,C006,2026-09-17,P004,公斤,8.8,8.8,0.0,2.60,正常交付,true
SIM-20260917-C006,5,C006,2026-09-17,P006,公斤,9.4,9.2,0.0,4.80,到货不足；按实际交付计费,true
SIM-20260917-C006,6,C006,2026-09-17,P003,公斤,5.9,5.4,0.0,3.50,到货不足；按实际交付计费,true
SIM-20260917-C006,7,C006,2026-09-17,P016,公斤,9.0,9.0,0.0,10.20,正常交付,true
SIM-20260918-C001,1,C001,2026-09-18,P011,公斤,3.6,3.6,0.3,4.30,正常交付；签收时挑出黄叶退回,true
SIM-20260918-C001,2,C001,2026-09-18,P001,公斤,2.3,2.3,0.0,3.40,正常交付,true
SIM-20260918-C001,3,C001,2026-09-18,P005,公斤,2.3,2.3,0.0,3.20,正常交付,true
SIM-20260918-C001,4,C001,2026-09-18,P004,公斤,4.6,4.6,0.0,2.60,正常交付,true
SIM-20260918-C001,5,C001,2026-09-18,P015,公斤,0.5,0.5,0.0,7.30,正常交付,true
SIM-20260918-C001,6,C001,2026-09-18,P019,桶,1.0,1.0,0.0,71.00,正常交付,true
SIM-20260918-C001,7,C001,2026-09-18,P018,袋,1.0,1.0,0.0,113.00,正常交付,true
SIM-20260918-C002,1,C002,2026-09-18,P010,公斤,6.8,6.8,0.0,4.50,正常交付,true
SIM-20260918-C002,2,C002,2026-09-18,P002,公斤,5.3,5.3,0.0,2.70,正常交付,true
SIM-20260918-C002,3,C002,2026-09-18,P013,公斤,7.6,7.6,0.0,6.00,正常交付,true
SIM-20260918-C002,4,C002,2026-09-18,P014,公斤,8.4,8.4,0.0,5.00,正常交付,true
SIM-20260918-C002,5,C002,2026-09-18,P009,公斤,6.8,6.3,0.0,4.80,到货不足；按实际交付计费,true
SIM-20260918-C002,6,C002,2026-09-18,P015,公斤,1.0,1.0,0.0,7.30,正常交付,true
SIM-20260918-C002,7,C002,2026-09-18,P017,袋,3.0,3.0,0.0,119.00,正常交付,true
SIM-20260918-C002,8,C002,2026-09-18,P019,桶,1.0,1.0,0.0,71.00,正常交付,true
SIM-20260918-C003,1,C003,2026-09-18,P012,公斤,5.5,5.5,0.3,5.20,正常交付；签收时挑出黄叶退回,true
SIM-20260918-C003,2,C003,2026-09-18,P002,公斤,6.3,6.3,0.0,2.70,正常交付,true
SIM-20260918-C003,3,C003,2026-09-18,P003,公斤,9.4,9.4,0.0,3.50,正常交付,true
SIM-20260918-C003,4,C003,2026-09-18,P004,公斤,7.8,7.8,0.0,2.60,正常交付,true
SIM-20260918-C003,5,C003,2026-09-18,P007,公斤,12.5,12.5,0.0,5.25,正常交付,true
SIM-20260918-C003,6,C003,2026-09-18,P008,公斤,5.5,5.5,0.0,4.40,正常交付,true
SIM-20260918-C003,7,C003,2026-09-18,P015,公斤,1.0,1.0,0.0,7.30,正常交付,true
SIM-20260918-C003,8,C003,2026-09-18,P017,袋,5.0,5.0,0.0,119.00,正常交付,true
SIM-20260918-C003,9,C003,2026-09-18,P020,桶,2.0,2.0,0.0,55.00,正常交付,true
SIM-20260918-C005,1,C005,2026-09-18,P012,公斤,10.4,10.4,0.0,5.20,正常交付,true
SIM-20260918-C005,2,C005,2026-09-18,P006,公斤,10.4,10.4,0.0,4.80,正常交付,true
SIM-20260918-C005,3,C005,2026-09-18,P013,公斤,11.9,11.9,0.0,6.00,正常交付,true
SIM-20260918-C005,4,C005,2026-09-18,P005,公斤,11.1,11.1,0.0,3.20,正常交付,true
SIM-20260918-C005,5,C005,2026-09-18,P002,公斤,8.1,8.1,0.0,2.70,正常交付,true
SIM-20260918-C005,6,C005,2026-09-18,P008,公斤,5.2,4.9,0.0,4.40,到货不足；按实际交付计费,true
SIM-20260918-C006,1,C006,2026-09-18,P012,公斤,9.9,9.9,0.0,5.20,正常交付,true
SIM-20260918-C006,2,C006,2026-09-18,P001,公斤,7.4,7.4,0.0,3.40,正常交付,true
SIM-20260918-C006,3,C006,2026-09-18,P006,公斤,8.7,8.7,0.0,4.80,正常交付,true
SIM-20260918-C006,4,C006,2026-09-18,P009,公斤,8.1,8.1,0.0,4.80,正常交付,true
SIM-20260918-C006,5,C006,2026-09-18,P003,公斤,7.4,7.4,0.0,3.50,正常交付,true
SIM-20260918-C006,6,C006,2026-09-18,P005,公斤,7.4,7.4,0.0,3.20,正常交付,true
SIM-20260919-C001,1,C001,2026-09-19,P012,公斤,3.1,3.1,0.0,5.20,正常交付,true
SIM-20260919-C001,2,C001,2026-09-19,P009,公斤,3.3,3.3,0.0,4.80,正常交付,true
SIM-20260919-C001,3,C001,2026-09-19,P007,公斤,2.6,2.6,0.0,5.25,正常交付,true
SIM-20260919-C001,4,C001,2026-09-19,P014,公斤,2.4,2.4,0.0,5.00,正常交付,true
SIM-20260919-C001,5,C001,2026-09-19,P016,公斤,3.0,3.0,0.0,10.20,正常交付,true
SIM-20260919-C002,1,C002,2026-09-19,P010,公斤,6.2,6.2,0.0,4.50,正常交付,true
SIM-20260919-C002,2,C002,2026-09-19,P008,公斤,7.1,7.1,0.0,4.40,正常交付,true
SIM-20260919-C002,3,C002,2026-09-19,P007,公斤,12.4,12.4,0.0,5.25,正常交付,true
SIM-20260919-C002,4,C002,2026-09-19,P002,公斤,7.1,7.1,0.0,2.70,正常交付,true
SIM-20260919-C002,5,C002,2026-09-19,P006,公斤,6.2,6.2,0.0,4.80,正常交付,true
SIM-20260919-C002,6,C002,2026-09-19,P016,公斤,4.0,4.0,0.0,10.20,正常交付,true
SIM-20260919-C003,1,C003,2026-09-19,P012,公斤,6.3,6.3,0.0,5.20,正常交付,true
SIM-20260919-C003,2,C003,2026-09-19,P005,公斤,5.1,5.1,0.0,3.20,正常交付,true
SIM-20260919-C003,3,C003,2026-09-19,P004,公斤,8.6,8.6,0.0,2.60,正常交付,true
SIM-20260919-C003,4,C003,2026-09-19,P001,公斤,4.6,4.6,0.0,3.40,正常交付,true
SIM-20260919-C003,5,C003,2026-09-19,P014,公斤,9.1,9.1,0.0,5.00,正常交付,true
SIM-20260919-C003,6,C003,2026-09-19,P008,公斤,9.1,9.1,0.0,4.40,正常交付,true
SIM-20260919-C003,7,C003,2026-09-19,P016,公斤,6.0,6.0,0.0,10.20,正常交付,true
SIM-20260919-C004,1,C004,2026-09-19,P010,公斤,6.7,6.7,0.0,4.50,正常交付,true
SIM-20260919-C004,2,C004,2026-09-19,P007,公斤,8.2,8.2,0.0,5.25,正常交付,true
SIM-20260919-C004,3,C004,2026-09-19,P004,公斤,11.1,11.1,0.0,2.60,正常交付,true
SIM-20260919-C004,4,C004,2026-09-19,P002,公斤,8.2,8.2,0.0,2.70,正常交付,true
SIM-20260919-C004,5,C004,2026-09-19,P009,公斤,6.7,6.7,0.0,4.80,正常交付,true
SIM-20260919-C004,6,C004,2026-09-19,P003,公斤,5.2,5.2,0.0,3.50,正常交付,true
SIM-20260919-C004,7,C004,2026-09-19,P016,公斤,5.0,5.0,0.0,10.20,正常交付,true
SIM-20260919-C006,1,C006,2026-09-19,P012,公斤,9.9,9.9,0.0,5.20,正常交付,true
SIM-20260919-C006,2,C006,2026-09-19,P006,公斤,8.1,7.6,0.0,4.80,到货不足；按实际交付计费,true
SIM-20260919-C006,3,C006,2026-09-19,P008,公斤,11.7,11.7,0.0,4.40,正常交付,true
SIM-20260919-C006,4,C006,2026-09-19,P002,公斤,6.3,6.3,0.0,2.70,正常交付,true
SIM-20260919-C006,5,C006,2026-09-19,P003,公斤,6.3,6.3,0.0,3.50,正常交付,true
SIM-20260919-C006,6,C006,2026-09-19,P005,公斤,9.9,9.9,0.0,3.20,正常交付,true
SIM-20260919-C006,7,C006,2026-09-19,P016,公斤,9.0,9.0,0.0,10.20,正常交付,true
SIM-20260919-C006,8,C006,2026-09-19,P015,公斤,1.0,0.5,0.0,7.30,到货不足；按实际交付计费,true
SIM-20260920-C002,1,C002,2026-09-20,P012,公斤,7.7,7.7,0.0,5.20,正常交付,true
SIM-20260920-C002,2,C002,2026-09-20,P014,公斤,7.7,7.7,0.0,5.00,正常交付,true
SIM-20260920-C002,3,C002,2026-09-20,P005,公斤,8.3,8.0,0.0,3.20,到货不足；按实际交付计费,true
SIM-20260920-C002,4,C002,2026-09-20,P004,公斤,8.3,8.3,0.0,2.60,正常交付,true
SIM-20260920-C002,5,C002,2026-09-20,P003,公斤,6.1,6.1,0.0,3.50,正常交付,true
SIM-20260920-C005,1,C005,2026-09-20,P011,公斤,14.7,14.7,0.0,4.30,正常交付,true
SIM-20260920-C005,2,C005,2026-09-20,P008,公斤,13.8,13.8,0.0,4.40,正常交付,true
SIM-20260920-C005,3,C005,2026-09-20,P013,公斤,6.9,6.9,0.0,6.00,正常交付,true
SIM-20260920-C005,4,C005,2026-09-20,P007,公斤,15.7,15.7,0.0,5.25,正常交付,true
SIM-20260920-C005,5,C005,2026-09-20,P009,公斤,10.8,10.8,0.0,4.80,正常交付,true
SIM-20260920-C005,6,C005,2026-09-20,P014,公斤,6.9,6.9,0.0,5.00,正常交付,true
SIM-20260920-C005,7,C005,2026-09-20,P016,公斤,12.0,12.0,0.0,10.20,正常交付,true
SIM-20260920-C006,1,C006,2026-09-20,P012,公斤,10.9,10.9,0.2,5.20,正常交付；签收时挑出黄叶退回,true
SIM-20260920-C006,2,C006,2026-09-20,P005,公斤,9.5,9.5,0.0,3.20,正常交付,true
SIM-20260920-C006,3,C006,2026-09-20,P001,公斤,8.2,8.2,0.0,3.40,正常交付,true
SIM-20260920-C006,4,C006,2026-09-20,P009,公斤,8.2,8.2,0.0,4.80,正常交付,true
SIM-20260920-C006,5,C006,2026-09-20,P006,公斤,8.2,8.2,0.0,4.80,正常交付,true
SIM-20260920-C006,6,C006,2026-09-20,P008,公斤,7.5,7.5,0.0,4.40,正常交付,true
SIM-20260921-C001,1,C001,2026-09-21,P010,公斤,2.2,1.7,0.2,4.50,到货不足；按实际交付计费；签收时挑出黄叶退回,true
SIM-20260921-C001,2,C001,2026-09-21,P004,公斤,3.2,3.2,0.0,2.60,正常交付,true
SIM-20260921-C001,3,C001,2026-09-21,P008,公斤,3.5,3.5,0.0,4.40,正常交付,true
SIM-20260921-C001,4,C001,2026-09-21,P009,公斤,2.9,2.9,0.0,4.80,正常交付,true
SIM-20260921-C003,1,C003,2026-09-21,P011,公斤,6.5,6.5,0.0,4.30,正常交付,true
SIM-20260921-C003,2,C003,2026-09-21,P003,公斤,4.6,4.6,0.0,3.50,正常交付,true
SIM-20260921-C003,3,C003,2026-09-21,P002,公斤,4.6,4.1,0.0,2.70,到货不足；按实际交付计费,true
SIM-20260921-C003,4,C003,2026-09-21,P001,公斤,8.5,8.3,0.0,3.40,到货不足；按实际交付计费,true
SIM-20260921-C003,5,C003,2026-09-21,P004,公斤,5.2,5.2,0.0,2.60,正常交付,true
SIM-20260921-C003,6,C003,2026-09-21,P008,公斤,8.5,8.5,0.0,4.40,正常交付,true
SIM-20260921-C005,1,C005,2026-09-21,P010,公斤,15.2,15.2,0.0,4.50,正常交付,true
SIM-20260921-C005,2,C005,2026-09-21,P004,公斤,15.2,15.2,0.0,2.60,正常交付,true
SIM-20260921-C005,3,C005,2026-09-21,P014,公斤,12.3,12.3,0.0,5.00,正常交付,true
SIM-20260921-C005,4,C005,2026-09-21,P005,公斤,6.6,6.6,0.0,3.20,正常交付,true
SIM-20260921-C005,5,C005,2026-09-21,P009,公斤,8.5,8.5,0.0,4.80,正常交付,true
SIM-20260921-C005,6,C005,2026-09-21,P001,公斤,8.5,8.5,0.0,3.40,正常交付,true
SIM-20260921-C005,7,C005,2026-09-21,P015,公斤,1.0,1.0,0.0,7.30,正常交付,true
SIM-20260921-C005,8,C005,2026-09-21,P017,袋,6.0,6.0,0.0,119.00,正常交付,true
SIM-20260921-C005,9,C005,2026-09-21,P020,桶,2.0,2.0,0.0,55.00,正常交付,true
SIM-20260921-C006,1,C006,2026-09-21,P011,公斤,12.1,12.1,0.0,4.30,正常交付,true
SIM-20260921-C006,2,C006,2026-09-21,P001,公斤,11.3,11.3,0.0,3.40,正常交付,true
SIM-20260921-C006,3,C006,2026-09-21,P009,公斤,5.6,5.6,0.0,4.80,正常交付,true
SIM-20260921-C006,4,C006,2026-09-21,P013,公斤,5.6,5.6,0.0,6.00,正常交付,true
SIM-20260921-C006,5,C006,2026-09-21,P007,公斤,7.2,7.2,0.0,5.25,正常交付,true
SIM-20260921-C006,6,C006,2026-09-21,P002,公斤,5.6,5.6,0.0,2.70,正常交付,true
SIM-20260921-C006,7,C006,2026-09-21,P016,公斤,9.0,9.0,0.1,10.20,正常交付；签收时破损退回,true
SIM-20260921-C006,8,C006,2026-09-21,P017,袋,4.0,4.0,0.0,119.00,正常交付,true
SIM-20260921-C006,9,C006,2026-09-21,P020,桶,2.0,2.0,0.0,55.00,正常交付,true
SIM-20260922-C001,1,C001,2026-09-22,P011,公斤,2.9,2.9,0.0,4.80,正常交付,true
SIM-20260922-C001,2,C001,2026-09-22,P002,公斤,2.9,2.9,0.0,2.50,正常交付,true
SIM-20260922-C001,3,C001,2026-09-22,P014,公斤,4.2,4.2,0.0,4.90,正常交付,true
SIM-20260922-C001,4,C001,2026-09-22,P005,公斤,3.2,3.2,0.0,2.70,正常交付,true
SIM-20260922-C001,5,C001,2026-09-22,P016,公斤,3.0,3.0,0.0,10.40,正常交付,true
SIM-20260922-C001,6,C001,2026-09-22,P015,公斤,0.5,0.5,0.0,7.80,正常交付,true
SIM-20260922-C002,1,C002,2026-09-22,P011,公斤,4.6,4.6,0.3,4.80,正常交付；签收时挑出黄叶退回,true
SIM-20260922-C002,2,C002,2026-09-22,P008,公斤,7.2,7.2,0.0,3.90,正常交付,true
SIM-20260922-C002,3,C002,2026-09-22,P014,公斤,8.2,8.2,0.0,4.90,正常交付,true
SIM-20260922-C002,4,C002,2026-09-22,P005,公斤,4.1,4.1,0.0,2.70,正常交付,true
SIM-20260922-C002,5,C002,2026-09-22,P001,公斤,3.6,3.6,0.0,3.50,正常交付,true
SIM-20260922-C002,6,C002,2026-09-22,P016,公斤,4.0,4.0,0.0,10.40,正常交付,true
SIM-20260922-C002,7,C002,2026-09-22,P015,公斤,1.0,1.0,0.0,7.80,正常交付,true
SIM-20260922-C003,1,C003,2026-09-22,P012,公斤,9.9,9.9,0.0,5.00,正常交付,true
SIM-20260922-C003,2,C003,2026-09-22,P014,公斤,6.0,6.0,0.0,4.90,正常交付,true
SIM-20260922-C003,3,C003,2026-09-22,P009,公斤,8.6,8.6,0.0,4.90,正常交付,true
SIM-20260922-C003,4,C003,2026-09-22,P005,公斤,8.6,8.6,0.0,2.70,正常交付,true
SIM-20260922-C003,5,C003,2026-09-22,P002,公斤,6.6,6.3,0.0,2.50,到货不足；按实际交付计费,true
SIM-20260922-C003,6,C003,2026-09-22,P006,公斤,7.3,7.3,0.0,4.60,正常交付,true
SIM-20260922-C003,7,C003,2026-09-22,P016,公斤,6.0,6.0,0.0,10.40,正常交付,true
SIM-20260922-C003,8,C003,2026-09-22,P015,公斤,1.0,1.0,0.0,7.80,正常交付,true
SIM-20260922-C004,1,C004,2026-09-22,P012,公斤,9.0,9.0,0.0,5.00,正常交付,true
SIM-20260922-C004,2,C004,2026-09-22,P014,公斤,7.3,7.3,0.0,4.90,正常交付,true
SIM-20260922-C004,3,C004,2026-09-22,P006,公斤,5.1,5.1,0.0,4.60,正常交付,true
SIM-20260922-C004,4,C004,2026-09-22,P004,公斤,6.2,6.2,0.0,2.30,正常交付,true
SIM-20260922-C004,5,C004,2026-09-22,P005,公斤,4.0,4.0,0.0,2.70,正常交付,true
SIM-20260922-C004,6,C004,2026-09-22,P009,公斤,6.8,6.8,0.0,4.90,正常交付,true
SIM-20260922-C004,7,C004,2026-09-22,P015,公斤,1.0,1.0,0.0,7.80,正常交付,true
SIM-20260922-C005,1,C005,2026-09-22,P012,公斤,12.1,12.1,0.0,5.00,正常交付,true
SIM-20260922-C005,2,C005,2026-09-22,P003,公斤,10.6,10.6,0.0,2.90,正常交付,true
SIM-20260922-C005,3,C005,2026-09-22,P014,公斤,11.3,11.3,0.0,4.90,正常交付,true
SIM-20260922-C005,4,C005,2026-09-22,P006,公斤,5.3,5.3,0.0,4.60,正常交付,true
SIM-20260922-C005,5,C005,2026-09-22,P001,公斤,7.6,7.6,0.0,3.50,正常交付,true
SIM-20260922-C005,6,C005,2026-09-22,P009,公斤,12.1,11.9,0.0,4.90,到货不足；按实际交付计费,true
SIM-20260922-C005,7,C005,2026-09-22,P016,公斤,12.0,12.0,0.0,10.40,正常交付,true
SIM-20260922-C006,1,C006,2026-09-22,P010,公斤,10.5,10.5,0.0,4.90,正常交付,true
SIM-20260922-C006,2,C006,2026-09-22,P004,公斤,9.2,9.2,0.0,2.30,正常交付,true
SIM-20260922-C006,3,C006,2026-09-22,P013,公斤,6.6,6.6,0.0,6.10,正常交付,true
SIM-20260922-C006,4,C006,2026-09-22,P001,公斤,7.9,7.9,0.0,3.50,正常交付,true
SIM-20260922-C006,5,C006,2026-09-22,P014,公斤,9.8,9.8,0.0,4.90,正常交付,true
SIM-20260922-C006,6,C006,2026-09-22,P008,公斤,4.6,4.6,0.0,3.90,正常交付,true
SIM-20260922-C006,7,C006,2026-09-22,P015,公斤,1.0,1.0,0.0,7.80,正常交付,true
SIM-20260923-C001,1,C001,2026-09-23,P011,公斤,3.3,3.3,0.3,4.80,正常交付；签收时挑出黄叶退回,true
SIM-20260923-C001,2,C001,2026-09-23,P008,公斤,2.5,2.5,0.0,3.90,正常交付,true
SIM-20260923-C001,3,C001,2026-09-23,P006,公斤,3.3,3.0,0.0,4.60,到货不足；按实际交付计费,true
SIM-20260923-C001,4,C001,2026-09-23,P005,公斤,2.8,2.8,0.0,2.70,正常交付,true
SIM-20260923-C002,1,C002,2026-09-23,P011,公斤,7.5,7.5,0.2,4.80,正常交付；签收时挑出黄叶退回,true
SIM-20260923-C002,2,C002,2026-09-23,P008,公斤,3.8,3.8,0.0,3.90,正常交付,true
SIM-20260923-C002,3,C002,2026-09-23,P009,公斤,7.5,7.5,0.0,4.90,正常交付,true
SIM-20260923-C002,4,C002,2026-09-23,P004,公斤,7.0,7.0,0.0,2.30,正常交付,true
SIM-20260923-C002,5,C002,2026-09-23,P006,公斤,3.3,3.3,0.0,4.60,正常交付,true
SIM-20260923-C003,1,C003,2026-09-23,P011,公斤,7.3,7.3,0.0,4.80,正常交付,true
SIM-20260923-C003,2,C003,2026-09-23,P003,公斤,6.6,6.6,0.0,2.90,正常交付,true
SIM-20260923-C003,3,C003,2026-09-23,P007,公斤,7.3,7.3,0.0,4.95,正常交付,true
SIM-20260923-C003,4,C003,2026-09-23,P009,公斤,5.3,5.3,0.0,4.90,正常交付,true
SIM-20260923-C003,5,C003,2026-09-23,P006,公斤,8.0,8.0,0.0,4.60,正常交付,true
SIM-20260923-C003,6,C003,2026-09-23,P002,公斤,8.0,8.0,0.0,2.50,正常交付,true
SIM-20260923-C005,1,C005,2026-09-23,P012,公斤,6.4,6.4,0.0,5.00,正常交付,true
SIM-20260923-C005,2,C005,2026-09-23,P014,公斤,8.0,8.0,0.0,4.90,正常交付,true
SIM-20260923-C005,3,C005,2026-09-23,P013,公斤,11.2,11.2,0.0,6.10,正常交付,true
SIM-20260923-C005,4,C005,2026-09-23,P007,公斤,8.8,8.8,0.0,4.95,正常交付,true
SIM-20260923-C005,5,C005,2026-09-23,P008,公斤,12.0,12.0,0.0,3.90,正常交付,true
SIM-20260923-C005,6,C005,2026-09-23,P003,公斤,8.0,8.0,0.0,2.90,正常交付,true
SIM-20260923-C006,1,C006,2026-09-23,P010,公斤,6.2,6.2,0.0,4.90,正常交付,true
SIM-20260923-C006,2,C006,2026-09-23,P007,公斤,10.4,10.4,0.0,4.95,正常交付,true
SIM-20260923-C006,3,C006,2026-09-23,P006,公斤,8.3,8.3,0.0,4.60,正常交付,true
SIM-20260923-C006,4,C006,2026-09-23,P013,公斤,4.9,4.9,0.0,6.10,正常交付,true
SIM-20260923-C006,5,C006,2026-09-23,P005,公斤,5.5,5.5,0.0,2.70,正常交付,true
SIM-20260923-C006,6,C006,2026-09-23,P009,公斤,8.3,8.3,0.0,4.90,正常交付,true
SIM-20260923-C006,7,C006,2026-09-23,P016,公斤,9.0,9.0,0.0,10.40,正常交付,true
SIM-20260924-C001,1,C001,2026-09-24,P010,公斤,2.8,2.8,0.0,4.90,正常交付,true
SIM-20260924-C001,2,C001,2026-09-24,P001,公斤,2.8,2.8,0.0,3.50,正常交付,true
SIM-20260924-C001,3,C001,2026-09-24,P007,公斤,2.6,2.6,0.0,4.95,正常交付,true
SIM-20260924-C001,4,C001,2026-09-24,P009,公斤,2.6,2.6,0.0,4.90,正常交付,true
SIM-20260924-C001,5,C001,2026-09-24,P016,公斤,3.0,3.0,0.0,10.40,正常交付,true
SIM-20260924-C001,6,C001,2026-09-24,P019,桶,1.0,1.0,0.0,67.00,正常交付,true
SIM-20260924-C001,7,C001,2026-09-24,P018,袋,1.0,1.0,0.0,112.00,正常交付,true
SIM-20260924-C002,1,C002,2026-09-24,P011,公斤,4.5,4.5,0.0,4.80,正常交付,true
SIM-20260924-C002,2,C002,2026-09-24,P007,公斤,7.9,7.7,0.0,4.95,到货不足；按实际交付计费,true
SIM-20260924-C002,3,C002,2026-09-24,P008,公斤,6.4,6.4,0.0,3.90,正常交付,true
SIM-20260924-C002,4,C002,2026-09-24,P001,公斤,5.5,5.5,0.0,3.50,正常交付,true
SIM-20260924-C002,5,C002,2026-09-24,P003,公斤,4.0,4.0,0.0,2.90,正常交付,true
SIM-20260924-C002,6,C002,2026-09-24,P016,公斤,4.0,4.0,0.0,10.40,正常交付,true
SIM-20260924-C002,7,C002,2026-09-24,P017,袋,3.0,3.0,0.0,117.00,正常交付,true
SIM-20260924-C002,8,C002,2026-09-24,P019,桶,1.0,1.0,0.0,67.00,正常交付,true
SIM-20260924-C003,1,C003,2026-09-24,P010,公斤,8.4,8.4,0.0,4.90,正常交付,true
SIM-20260924-C003,2,C003,2026-09-24,P013,公斤,7.1,7.1,0.0,6.10,正常交付,true
SIM-20260924-C003,3,C003,2026-09-24,P004,公斤,5.1,5.1,0.0,2.30,正常交付,true
SIM-20260924-C003,4,C003,2026-09-24,P002,公斤,5.8,5.8,0.0,2.50,正常交付,true
SIM-20260924-C003,5,C003,2026-09-24,P014,公斤,9.0,9.0,0.0,4.90,正常交付,true
SIM-20260924-C003,6,C003,2026-09-24,P006,公斤,5.8,5.8,0.0,4.60,正常交付,true
SIM-20260924-C003,7,C003,2026-09-24,P016,公斤,6.0,6.0,0.0,10.40,正常交付,true
SIM-20260924-C003,8,C003,2026-09-24,P017,袋,5.0,5.0,0.0,117.00,正常交付,true
SIM-20260924-C003,9,C003,2026-09-24,P020,桶,2.0,2.0,0.0,60.00,正常交付,true
SIM-20260924-C004,1,C004,2026-09-24,P011,公斤,6.2,6.2,0.0,4.80,正常交付,true
SIM-20260924-C004,2,C004,2026-09-24,P004,公斤,6.8,6.8,0.0,2.30,正常交付,true
SIM-20260924-C004,3,C004,2026-09-24,P009,公斤,10.9,10.9,0.0,4.90,正常交付,true
SIM-20260924-C004,4,C004,2026-09-24,P001,公斤,5.5,5.5,0.0,3.50,正常交付,true
SIM-20260924-C004,5,C004,2026-09-24,P008,公斤,6.8,6.8,0.0,3.90,正常交付,true
SIM-20260924-C004,6,C004,2026-09-24,P014,公斤,4.8,4.8,0.0,4.90,正常交付,true
SIM-20260924-C004,7,C004,2026-09-24,P016,公斤,5.0,5.0,0.0,10.40,正常交付,true
SIM-20260924-C004,8,C004,2026-09-24,P017,袋,3.0,3.0,0.0,117.00,正常交付,true
SIM-20260924-C004,9,C004,2026-09-24,P019,桶,1.0,1.0,0.0,67.00,正常交付,true
SIM-20260924-C005,1,C005,2026-09-24,P012,公斤,11.7,11.7,0.0,5.00,正常交付,true
SIM-20260924-C005,2,C005,2026-09-24,P013,公斤,10.0,10.0,0.0,6.10,正常交付,true
SIM-20260924-C005,3,C005,2026-09-24,P014,公斤,13.4,13.4,0.0,4.90,正常交付,true
SIM-20260924-C005,4,C005,2026-09-24,P003,公斤,10.9,10.9,0.0,2.90,正常交付,true
SIM-20260924-C005,5,C005,2026-09-24,P004,公斤,10.0,10.0,0.0,2.30,正常交付,true
SIM-20260924-C005,6,C005,2026-09-24,P008,公斤,13.4,13.4,0.0,3.90,正常交付,true
SIM-20260924-C005,7,C005,2026-09-24,P016,公斤,12.0,12.0,0.0,10.40,正常交付,true
SIM-20260924-C005,8,C005,2026-09-24,P015,公斤,1.0,1.0,0.0,7.80,正常交付,true
SIM-20260924-C006,1,C006,2026-09-24,P010,公斤,10.9,10.9,0.0,4.90,正常交付,true
SIM-20260924-C006,2,C006,2026-09-24,P008,公斤,6.2,6.2,0.0,3.90,正常交付,true
SIM-20260924-C006,3,C006,2026-09-24,P001,公斤,10.2,10.2,0.0,3.50,正常交付,true
SIM-20260924-C006,4,C006,2026-09-24,P006,公斤,7.8,7.8,0.0,4.60,正常交付,true
SIM-20260924-C006,5,C006,2026-09-24,P007,公斤,5.5,5.5,0.0,4.95,正常交付,true
SIM-20260924-C006,6,C006,2026-09-24,P009,公斤,5.5,5.5,0.0,4.90,正常交付,true
SIM-20260925-C001,1,C001,2026-09-25,P011,公斤,3.1,3.1,0.0,4.80,正常交付,true
SIM-20260925-C001,2,C001,2026-09-25,P002,公斤,2.0,2.0,0.0,2.50,正常交付,true
SIM-20260925-C001,3,C001,2026-09-25,P004,公斤,3.1,3.1,0.0,2.30,正常交付,true
SIM-20260925-C001,4,C001,2026-09-25,P005,公斤,3.6,3.6,0.0,2.70,正常交付,true
SIM-20260925-C001,5,C001,2026-09-25,P015,公斤,0.5,0.3,0.0,7.80,到货不足；按实际交付计费,true
SIM-20260925-C002,1,C002,2026-09-25,P012,公斤,4.2,4.2,0.0,5.00,正常交付,true
SIM-20260925-C002,2,C002,2026-09-25,P002,公斤,6.1,6.1,0.0,2.50,正常交付,true
SIM-20260925-C002,3,C002,2026-09-25,P009,公斤,6.1,6.1,0.0,4.90,正常交付,true
SIM-20260925-C002,4,C002,2026-09-25,P013,公斤,9.7,9.7,0.0,6.10,正常交付,true
SIM-20260925-C002,5,C002,2026-09-25,P001,公斤,5.5,5.5,0.0,3.50,正常交付,true
SIM-20260925-C002,6,C002,2026-09-25,P015,公斤,1.0,1.0,0.0,7.80,正常交付,true
SIM-20260925-C003,1,C003,2026-09-25,P010,公斤,4.6,4.6,0.0,4.90,正常交付,true
SIM-20260925-C003,2,C003,2026-09-25,P005,公斤,8.6,8.6,0.0,2.70,正常交付,true
SIM-20260925-C003,3,C003,2026-09-25,P003,公斤,9.9,9.9,0.0,2.90,正常交付,true
SIM-20260925-C003,4,C003,2026-09-25,P013,公斤,6.6,6.6,0.0,6.10,正常交付,true
SIM-20260925-C003,5,C003,2026-09-25,P006,公斤,9.2,9.2,0.0,4.60,正常交付,true
SIM-20260925-C003,6,C003,2026-09-25,P014,公斤,7.3,7.3,0.0,4.90,正常交付,true
SIM-20260925-C003,7,C003,2026-09-25,P015,公斤,1.0,1.0,0.0,7.80,正常交付,true
SIM-20260925-C006,1,C006,2026-09-25,P012,公斤,9.1,9.1,0.0,5.00,正常交付,true
SIM-20260925-C006,2,C006,2026-09-25,P009,公斤,5.9,5.9,0.0,4.90,正常交付,true
SIM-20260925-C006,3,C006,2026-09-25,P008,公斤,10.4,10.4,0.0,3.90,正常交付,true
SIM-20260925-C006,4,C006,2026-09-25,P006,公斤,9.1,9.1,0.0,4.60,正常交付,true
SIM-20260925-C006,5,C006,2026-09-25,P007,公斤,7.8,7.8,0.0,4.95,正常交付,true
SIM-20260925-C006,6,C006,2026-09-25,P005,公斤,5.2,5.2,0.0,2.70,正常交付,true
SIM-20260925-C006,7,C006,2026-09-25,P016,公斤,9.0,9.0,0.0,10.40,正常交付,true
SIM-20260925-C006,8,C006,2026-09-25,P015,公斤,1.0,1.0,0.0,7.80,正常交付,true
SIM-20260926-C001,1,C001,2026-09-26,P011,公斤,2.5,2.5,0.0,4.80,正常交付,true
SIM-20260926-C001,2,C001,2026-09-26,P009,公斤,4.0,4.0,0.0,4.90,正常交付,true
SIM-20260926-C001,3,C001,2026-09-26,P005,公斤,3.0,3.0,0.0,2.70,正常交付,true
SIM-20260926-C001,4,C001,2026-09-26,P006,公斤,2.0,2.0,0.0,4.60,正常交付,true
SIM-20260926-C001,5,C001,2026-09-26,P016,公斤,3.0,3.0,0.1,10.40,正常交付；签收时破损退回,true
SIM-20260926-C002,1,C002,2026-09-26,P011,公斤,6.4,6.4,0.0,4.80,正常交付,true
SIM-20260926-C002,2,C002,2026-09-26,P001,公斤,6.4,6.4,0.0,3.50,正常交付,true
SIM-20260926-C002,3,C002,2026-09-26,P002,公斤,5.7,5.7,0.0,2.50,正常交付,true
SIM-20260926-C002,4,C002,2026-09-26,P006,公斤,7.8,7.8,0.0,4.60,正常交付,true
SIM-20260926-C002,5,C002,2026-09-26,P007,公斤,10.7,10.7,0.0,4.95,正常交付,true
SIM-20260926-C002,6,C002,2026-09-26,P016,公斤,4.0,4.0,0.0,10.40,正常交付,true
SIM-20260926-C003,1,C003,2026-09-26,P011,公斤,9.6,9.6,0.0,4.80,正常交付,true
SIM-20260926-C003,2,C003,2026-09-26,P006,公斤,7.7,7.7,0.0,4.60,正常交付,true
SIM-20260926-C003,3,C003,2026-09-26,P007,公斤,7.0,7.0,0.0,4.95,正常交付,true
SIM-20260926-C003,4,C003,2026-09-26,P013,公斤,7.0,7.0,0.0,6.10,正常交付,true
SIM-20260926-C003,5,C003,2026-09-26,P004,公斤,6.4,6.4,0.0,2.30,正常交付,true
SIM-20260926-C003,6,C003,2026-09-26,P001,公斤,6.4,6.4,0.0,3.50,正常交付,true
SIM-20260926-C003,7,C003,2026-09-26,P016,公斤,6.0,5.7,0.0,10.40,到货不足；按实际交付计费,true
SIM-20260926-C004,1,C004,2026-09-26,P010,公斤,9.1,9.1,0.0,4.90,正常交付,true
SIM-20260926-C004,2,C004,2026-09-26,P008,公斤,9.1,9.1,0.0,3.90,正常交付,true
SIM-20260926-C004,3,C004,2026-09-26,P003,公斤,9.1,9.1,0.0,2.90,正常交付,true
SIM-20260926-C004,4,C004,2026-09-26,P007,公斤,6.6,6.6,0.0,4.95,正常交付,true
SIM-20260926-C004,5,C004,2026-09-26,P002,公斤,12.4,12.4,0.0,2.50,正常交付,true
SIM-20260926-C004,6,C004,2026-09-26,P001,公斤,5.8,5.8,0.0,3.50,正常交付,true
SIM-20260926-C006,1,C006,2026-09-26,P010,公斤,8.9,8.9,0.0,4.90,正常交付,true
SIM-20260926-C006,2,C006,2026-09-26,P008,公斤,10.2,10.2,0.0,3.90,正常交付,true
SIM-20260926-C006,3,C006,2026-09-26,P003,公斤,9.5,9.5,0.0,2.90,正常交付,true
SIM-20260926-C006,4,C006,2026-09-26,P007,公斤,4.4,4.4,0.0,4.95,正常交付,true
SIM-20260926-C006,5,C006,2026-09-26,P004,公斤,4.4,4.4,0.0,2.30,正常交付,true
SIM-20260926-C006,6,C006,2026-09-26,P001,公斤,5.7,5.7,0.0,3.50,正常交付,true
SIM-20260926-C006,7,C006,2026-09-26,P017,袋,4.0,4.0,0.0,117.00,正常交付,true
SIM-20260926-C006,8,C006,2026-09-26,P020,桶,2.0,2.0,0.0,60.00,正常交付,true
SIM-20260927-C002,1,C002,2026-09-27,P011,公斤,6.4,6.4,0.0,4.80,正常交付,true
SIM-20260927-C002,2,C002,2026-09-27,P013,公斤,6.4,6.4,0.0,6.10,正常交付,true
SIM-20260927-C002,3,C002,2026-09-27,P006,公斤,9.2,9.2,0.0,4.60,正常交付,true
SIM-20260927-C002,4,C002,2026-09-27,P005,公斤,8.5,8.5,0.0,2.70,正常交付,true
SIM-20260927-C002,5,C002,2026-09-27,P009,公斤,7.8,7.8,0.0,4.90,正常交付,true
SIM-20260927-C006,1,C006,2026-09-27,P010,公斤,6.3,6.3,0.0,4.90,正常交付,true
SIM-20260927-C006,2,C006,2026-09-27,P002,公斤,9.4,9.4,0.0,2.50,正常交付,true
SIM-20260927-C006,3,C006,2026-09-27,P013,公斤,8.8,8.8,0.0,6.10,正常交付,true
SIM-20260927-C006,4,C006,2026-09-27,P007,公斤,6.3,6.3,0.0,4.95,正常交付,true
SIM-20260927-C006,5,C006,2026-09-27,P004,公斤,8.2,8.2,0.0,2.30,正常交付,true
SIM-20260927-C006,6,C006,2026-09-27,P005,公斤,7.6,7.6,0.0,2.70,正常交付,true
SIM-20260927-C006,7,C006,2026-09-27,P016,公斤,9.0,9.0,0.0,10.40,正常交付,true
SIM-20260928-C001,1,C001,2026-09-28,P012,公斤,1.8,1.8,0.0,5.00,正常交付,true
SIM-20260928-C001,2,C001,2026-09-28,P013,公斤,2.3,2.3,0.0,6.10,正常交付,true
SIM-20260928-C001,3,C001,2026-09-28,P002,公斤,3.4,3.4,0.0,2.50,正常交付,true
SIM-20260928-C001,4,C001,2026-09-28,P007,公斤,3.6,3.6,0.0,4.95,正常交付,true
SIM-20260928-C003,1,C003,2026-09-28,P012,公斤,8.1,8.1,0.0,5.00,正常交付,true
SIM-20260928-C003,2,C003,2026-09-28,P005,公斤,8.1,8.1,0.0,2.70,正常交付,true
SIM-20260928-C003,3,C003,2026-09-28,P009,公斤,4.4,3.9,0.0,4.90,到货不足；按实际交付计费,true
SIM-20260928-C003,4,C003,2026-09-28,P001,公斤,5.0,5.0,0.0,3.50,正常交付,true
SIM-20260928-C003,5,C003,2026-09-28,P007,公斤,7.5,7.5,0.0,4.95,正常交付,true
SIM-20260928-C003,6,C003,2026-09-28,P008,公斤,7.5,7.5,0.0,3.90,正常交付,true
SIM-20260928-C005,1,C005,2026-09-28,P012,公斤,11.6,11.6,0.0,5.00,正常交付,true
SIM-20260928-C005,2,C005,2026-09-28,P007,公斤,9.3,9.3,0.0,4.95,正常交付,true
SIM-20260928-C005,3,C005,2026-09-28,P008,公斤,8.5,8.5,0.0,3.90,正常交付,true
SIM-20260928-C005,4,C005,2026-09-28,P009,公斤,7.7,7.7,0.0,4.90,正常交付,true
SIM-20260928-C005,5,C005,2026-09-28,P013,公斤,10.8,10.8,0.0,6.10,正常交付,true
SIM-20260928-C005,6,C005,2026-09-28,P003,公斤,11.6,11.6,0.0,2.90,正常交付,true
SIM-20260928-C006,1,C006,2026-09-28,P010,公斤,5.0,4.8,0.0,4.90,到货不足；按实际交付计费,true
SIM-20260928-C006,2,C006,2026-09-28,P007,公斤,9.2,9.2,0.0,4.95,正常交付,true
SIM-20260928-C006,3,C006,2026-09-28,P006,公斤,7.8,7.6,0.0,4.60,到货不足；按实际交付计费,true
SIM-20260928-C006,4,C006,2026-09-28,P009,公斤,5.7,5.7,0.0,4.90,正常交付,true
SIM-20260928-C006,5,C006,2026-09-28,P003,公斤,7.1,7.1,0.0,2.90,正常交付,true
SIM-20260928-C006,6,C006,2026-09-28,P005,公斤,11.3,11.3,0.0,2.70,正常交付,true
SIM-20260928-C006,7,C006,2026-09-28,P015,公斤,1.0,1.0,0.0,7.80,正常交付,true
SIM-20260929-C001,1,C001,2026-09-29,P012,公斤,3.0,3.0,0.0,5.20,正常交付,true
SIM-20260929-C001,2,C001,2026-09-29,P007,公斤,5.0,5.0,0.0,5.25,正常交付,true
SIM-20260929-C001,3,C001,2026-09-29,P014,公斤,2.6,2.6,0.0,4.80,正常交付,true
SIM-20260929-C001,4,C001,2026-09-29,P005,公斤,2.6,2.6,0.0,2.80,正常交付,true
SIM-20260929-C001,5,C001,2026-09-29,P016,公斤,3.0,3.0,0.0,10.30,正常交付,true
SIM-20260929-C001,6,C001,2026-09-29,P015,公斤,0.5,0.5,0.0,7.70,正常交付,true
SIM-20260929-C002,1,C002,2026-09-29,P010,公斤,6.1,6.1,0.5,4.80,正常交付；签收时挑出黄叶退回,true
SIM-20260929-C002,2,C002,2026-09-29,P007,公斤,3.9,3.9,0.0,5.25,正常交付,true
SIM-20260929-C002,3,C002,2026-09-29,P006,公斤,7.0,7.0,0.0,4.50,正常交付,true
SIM-20260929-C002,4,C002,2026-09-29,P013,公斤,6.1,5.9,0.0,6.30,到货不足；按实际交付计费,true
SIM-20260929-C002,5,C002,2026-09-29,P009,公斤,4.4,4.4,0.0,4.80,正常交付,true
SIM-20260929-C002,6,C002,2026-09-29,P016,公斤,4.0,4.0,0.0,10.30,正常交付,true
SIM-20260929-C002,7,C002,2026-09-29,P015,公斤,1.0,1.0,0.0,7.70,正常交付,true
SIM-20260929-C003,1,C003,2026-09-29,P011,公斤,5.3,5.3,0.0,4.80,正常交付,true
SIM-20260929-C003,2,C003,2026-09-29,P014,公斤,10.5,10.2,0.0,4.80,到货不足；按实际交付计费,true
SIM-20260929-C003,3,C003,2026-09-29,P007,公斤,9.2,9.2,0.0,5.25,正常交付,true
SIM-20260929-C003,4,C003,2026-09-29,P003,公斤,4.6,4.6,0.0,3.00,正常交付,true
SIM-20260929-C003,5,C003,2026-09-29,P009,公斤,9.8,9.8,0.0,4.80,正常交付,true
SIM-20260929-C003,6,C003,2026-09-29,P001,公斤,7.2,7.2,0.0,3.10,正常交付,true
SIM-20260929-C003,7,C003,2026-09-29,P016,公斤,6.0,6.0,0.0,10.30,正常交付,true
SIM-20260929-C003,8,C003,2026-09-29,P015,公斤,1.0,1.0,0.0,7.70,正常交付,true
SIM-20260929-C004,1,C004,2026-09-29,P011,公斤,7.5,7.5,0.0,4.80,正常交付,true
SIM-20260929-C004,2,C004,2026-09-29,P006,公斤,8.0,8.0,0.0,4.50,正常交付,true
SIM-20260929-C004,3,C004,2026-09-29,P014,公斤,6.0,6.0,0.0,4.80,正常交付,true
SIM-20260929-C004,4,C004,2026-09-29,P013,公斤,7.5,7.5,0.0,6.30,正常交付,true
SIM-20260929-C004,5,C004,2026-09-29,P004,公斤,4.0,4.0,0.0,2.20,正常交付,true
SIM-20260929-C004,6,C004,2026-09-29,P001,公斤,4.5,4.5,0.0,3.10,正常交付,true
SIM-20260929-C004,7,C004,2026-09-29,P016,公斤,5.0,5.0,0.0,10.30,正常交付,true
SIM-20260929-C004,8,C004,2026-09-29,P015,公斤,1.0,1.0,0.0,7.70,正常交付,true
SIM-20260929-C005,1,C005,2026-09-29,P010,公斤,15.5,15.5,0.0,4.80,正常交付,true
SIM-20260929-C005,2,C005,2026-09-29,P001,公斤,8.7,8.7,0.0,3.10,正常交付,true
SIM-20260929-C005,3,C005,2026-09-29,P006,公斤,6.8,6.8,0.0,4.50,正常交付,true
SIM-20260929-C005,4,C005,2026-09-29,P003,公斤,8.7,8.7,0.0,3.00,正常交付,true
SIM-20260929-C005,5,C005,2026-09-29,P005,公斤,13.5,13.5,0.0,2.80,正常交付,true
SIM-20260929-C005,6,C005,2026-09-29,P013,公斤,10.6,10.6,0.0,6.30,正常交付,true
SIM-20260929-C005,7,C005,2026-09-29,P016,公斤,12.0,12.0,0.0,10.30,正常交付,true
SIM-20260929-C005,8,C005,2026-09-29,P017,袋,6.0,6.0,0.0,119.00,正常交付,true
SIM-20260929-C005,9,C005,2026-09-29,P020,桶,2.0,2.0,0.0,59.00,正常交付,true
SIM-20260929-C006,1,C006,2026-09-29,P011,公斤,4.8,4.8,0.0,4.80,正常交付,true
SIM-20260929-C006,2,C006,2026-09-29,P005,公斤,6.0,6.0,0.0,2.80,正常交付,true
SIM-20260929-C006,3,C006,2026-09-29,P001,公斤,9.7,9.7,0.0,3.10,正常交付,true
SIM-20260929-C006,4,C006,2026-09-29,P004,公斤,8.5,8.5,0.0,2.20,正常交付,true
SIM-20260929-C006,5,C006,2026-09-29,P006,公斤,6.7,6.7,0.0,4.50,正常交付,true
SIM-20260929-C006,6,C006,2026-09-29,P007,公斤,8.5,8.5,0.0,5.25,正常交付,true
SIM-20260929-C006,7,C006,2026-09-29,P016,公斤,9.0,9.0,0.0,10.30,正常交付,true
SIM-20260930-C001,1,C001,2026-09-30,P010,公斤,1.6,1.6,0.0,4.80,正常交付,true
SIM-20260930-C001,2,C001,2026-09-30,P007,公斤,3.2,3.2,0.0,5.25,正常交付,true
SIM-20260930-C001,3,C001,2026-09-30,P008,公斤,3.0,3.0,0.0,4.30,正常交付,true
SIM-20260930-C001,4,C001,2026-09-30,P001,公斤,3.0,3.0,0.0,3.10,正常交付,true
SIM-20260930-C001,5,C001,2026-09-30,P019,桶,1.0,1.0,0.0,69.00,正常交付,true
SIM-20260930-C001,6,C001,2026-09-30,P018,袋,1.0,1.0,0.0,107.00,正常交付,true
SIM-20260930-C002,1,C002,2026-09-30,P011,公斤,3.4,3.4,0.0,4.80,正常交付,true
SIM-20260930-C002,2,C002,2026-09-30,P008,公斤,6.8,6.8,0.0,4.30,正常交付,true
SIM-20260930-C002,3,C002,2026-09-30,P006,公斤,6.4,6.4,0.0,4.50,正常交付,true
SIM-20260930-C002,4,C002,2026-09-30,P003,公斤,6.4,6.4,0.0,3.00,正常交付,true
SIM-20260930-C002,5,C002,2026-09-30,P004,公斤,3.9,3.9,0.0,2.20,正常交付,true
SIM-20260930-C002,6,C002,2026-09-30,P017,袋,3.0,3.0,0.0,119.00,正常交付,true
SIM-20260930-C002,7,C002,2026-09-30,P019,桶,1.0,1.0,0.0,69.00,正常交付,true
SIM-20260930-C003,1,C003,2026-09-30,P011,公斤,5.6,5.6,0.3,4.80,正常交付；签收时挑出黄叶退回,true
SIM-20260930-C003,2,C003,2026-09-30,P004,公斤,7.5,7.5,0.0,2.20,正常交付,true
SIM-20260930-C003,3,C003,2026-09-30,P001,公斤,6.1,6.1,0.0,3.10,正常交付,true
SIM-20260930-C003,4,C003,2026-09-30,P013,公斤,7.0,6.5,0.0,6.30,到货不足；按实际交付计费,true
SIM-20260930-C003,5,C003,2026-09-30,P008,公斤,7.0,7.0,0.0,4.30,正常交付,true
SIM-20260930-C003,6,C003,2026-09-30,P002,公斤,5.1,5.1,0.0,2.70,正常交付,true
SIM-20260930-C003,7,C003,2026-09-30,P017,袋,5.0,5.0,0.0,119.00,正常交付,true
SIM-20260930-C003,8,C003,2026-09-30,P020,桶,2.0,2.0,0.0,59.00,正常交付,true
SIM-20260930-C005,1,C005,2026-09-30,P011,公斤,8.3,8.3,0.0,4.80,正常交付,true
SIM-20260930-C005,2,C005,2026-09-30,P014,公斤,6.4,6.4,0.0,4.80,正常交付,true
SIM-20260930-C005,3,C005,2026-09-30,P013,公斤,6.4,6.4,0.0,6.30,正常交付,true
SIM-20260930-C005,4,C005,2026-09-30,P009,公斤,8.3,7.8,0.0,4.80,到货不足；按实际交付计费,true
SIM-20260930-C005,5,C005,2026-09-30,P002,公斤,12.9,12.9,0.0,2.70,正常交付,true
SIM-20260930-C005,6,C005,2026-09-30,P005,公斤,14.7,14.7,0.0,2.80,正常交付,true
SIM-20260930-C005,7,C005,2026-09-30,P015,公斤,1.0,1.0,0.0,7.70,正常交付,true
SIM-20260930-C006,1,C006,2026-09-30,P011,公斤,5.5,5.5,0.0,4.80,正常交付,true
SIM-20260930-C006,2,C006,2026-09-30,P002,公斤,7.1,7.1,0.0,2.70,正常交付,true
SIM-20260930-C006,3,C006,2026-09-30,P007,公斤,11.8,11.8,0.0,5.25,正常交付,true
SIM-20260930-C006,4,C006,2026-09-30,P013,公斤,7.9,7.9,0.0,6.30,正常交付,true
SIM-20260930-C006,5,C006,2026-09-30,P008,公斤,12.6,12.6,0.0,4.30,正常交付,true
SIM-20260930-C006,6,C006,2026-09-30,P001,公斤,5.5,5.5,0.0,3.10,正常交付,true
