payment_id,order_id,payment_date,amount,receipt_id,allocation_rule,is_simulated
SIM-P0001,SIM-20260901-C002,2026-09-30,598.22,SIM-R0001,模拟确认：按订单日期及编号先后分配,true
SIM-P0002,SIM-20260902-C002,2026-09-30,94.50,SIM-R0001,模拟确认：按订单日期及编号先后分配,true
SIM-P0003,SIM-20260903-C002,2026-09-30,138.00,SIM-R0001,模拟确认：按订单日期及编号先后分配,true
SIM-P0004,SIM-20260904-C002,2026-09-30,155.78,SIM-R0001,模拟确认：按订单日期及编号先后分配,true
SIM-P0005,SIM-20260905-C002,2026-09-30,13.50,SIM-R0001,模拟确认：按订单日期及编号先后分配,true
SIM-P0006,SIM-20260901-C005,2026-09-30,1212.68,SIM-R0002,模拟确认：按订单日期及编号先后分配,true
SIM-P0007,SIM-20260902-C005,2026-09-30,253.19,SIM-R0002,模拟确认：按订单日期及编号先后分配,true
SIM-P0008,SIM-20260903-C005,2026-09-30,375.73,SIM-R0002,模拟确认：按订单日期及编号先后分配,true
SIM-P0009,SIM-20260904-C005,2026-09-30,269.26,SIM-R0002,模拟确认：按订单日期及编号先后分配,true
SIM-P0010,SIM-20260907-C005,2026-09-30,357.00,SIM-R0002,模拟确认：按订单日期及编号先后分配,true
SIM-P0011,SIM-20260908-C005,2026-09-30,1039.42,SIM-R0002,模拟确认：按订单日期及编号先后分配,true
SIM-P0012,SIM-20260909-C005,2026-09-30,411.04,SIM-R0002,模拟确认：按订单日期及编号先后分配,true
SIM-P0013,SIM-20260910-C005,2026-09-30,198.94,SIM-R0002,模拟确认：按订单日期及编号先后分配,true
SIM-P0014,SIM-20260911-C005,2026-09-30,449.29,SIM-R0002,模拟确认：按订单日期及编号先后分配,true
SIM-P0015,SIM-20260914-C005,2026-09-30,223.53,SIM-R0002,模拟确认：按订单日期及编号先后分配,true
SIM-P0016,SIM-20260915-C005,2026-09-30,209.92,SIM-R0002,模拟确认：按订单日期及编号先后分配,true
SIM-P0017,SIM-20260901-C001,2026-10-02,256.60,SIM-R0003,模拟确认：按订单日期及编号先后分配,true
SIM-P0018,SIM-20260902-C001,2026-10-02,47.90,SIM-R0003,模拟确认：按订单日期及编号先后分配,true
SIM-P0019,SIM-20260903-C001,2026-10-02,77.64,SIM-R0003,模拟确认：按订单日期及编号先后分配,true
SIM-P0020,SIM-20260904-C001,2026-10-02,52.82,SIM-R0003,模拟确认：按订单日期及编号先后分配,true
SIM-P0021,SIM-20260905-C001,2026-10-02,82.25,SIM-R0003,模拟确认：按订单日期及编号先后分配,true
SIM-P0022,SIM-20260907-C001,2026-10-02,230.64,SIM-R0003,模拟确认：按订单日期及编号先后分配,true
SIM-P0023,SIM-20260908-C001,2026-10-02,82.71,SIM-R0003,模拟确认：按订单日期及编号先后分配,true
SIM-P0024,SIM-20260909-C001,2026-10-02,45.66,SIM-R0003,模拟确认：按订单日期及编号先后分配,true
SIM-P0025,SIM-20260910-C001,2026-10-02,76.88,SIM-R0003,模拟确认：按订单日期及编号先后分配,true
SIM-P0026,SIM-20260911-C001,2026-10-02,43.03,SIM-R0003,模拟确认：按订单日期及编号先后分配,true
SIM-P0027,SIM-20260912-C001,2026-10-02,269.64,SIM-R0003,模拟确认：按订单日期及编号先后分配,true
SIM-P0028,SIM-20260914-C001,2026-10-02,48.77,SIM-R0003,模拟确认：按订单日期及编号先后分配,true
SIM-P0029,SIM-20260915-C001,2026-10-02,76.59,SIM-R0003,模拟确认：按订单日期及编号先后分配,true
SIM-P0030,SIM-20260916-C001,2026-10-02,51.11,SIM-R0003,模拟确认：按订单日期及编号先后分配,true
SIM-P0031,SIM-20260917-C001,2026-10-02,84.88,SIM-R0003,模拟确认：按订单日期及编号先后分配,true
SIM-P0032,SIM-20260918-C001,2026-10-02,228.98,SIM-R0003,模拟确认：按订单日期及编号先后分配,true
SIM-P0033,SIM-20260919-C001,2026-10-02,88.21,SIM-R0003,模拟确认：按订单日期及编号先后分配,true
SIM-P0034,SIM-20260921-C001,2026-10-02,44.39,SIM-R0003,模拟确认：按订单日期及编号先后分配,true
SIM-P0035,SIM-20260922-C001,2026-10-02,85.49,SIM-R0003,模拟确认：按订单日期及编号先后分配,true
SIM-P0036,SIM-20260923-C001,2026-10-02,45.51,SIM-R0003,模拟确认：按订单日期及编号先后分配,true
SIM-P0037,SIM-20260924-C001,2026-10-02,259.33,SIM-R0003,模拟确认：按订单日期及编号先后分配,true
SIM-P0038,SIM-20260925-C001,2026-10-02,39.07,SIM-R0003,模拟确认：按订单日期及编号先后分配,true
SIM-P0039,SIM-20260926-C001,2026-10-02,79.06,SIM-R0003,模拟确认：按订单日期及编号先后分配,true
SIM-P0040,SIM-20260928-C001,2026-10-02,49.35,SIM-R0003,模拟确认：按订单日期及编号先后分配,true
SIM-P0041,SIM-20260929-C001,2026-10-02,96.36,SIM-R0003,模拟确认：按订单日期及编号先后分配,true
SIM-P0042,SIM-20260930-C001,2026-10-02,222.68,SIM-R0003,模拟确认：按订单日期及编号先后分配,true
SIM-P0043,SIM-20260901-C003,2026-10-04,901.28,SIM-R0004,模拟确认：按订单日期及编号先后分配,true
SIM-P0044,SIM-20260902-C003,2026-10-04,159.16,SIM-R0004,模拟确认：按订单日期及编号先后分配,true
SIM-P0045,SIM-20260903-C003,2026-10-04,222.33,SIM-R0004,模拟确认：按订单日期及编号先后分配,true
SIM-P0046,SIM-20260904-C003,2026-10-04,204.38,SIM-R0004,模拟确认：按订单日期及编号先后分配,true
SIM-P0047,SIM-20260905-C003,2026-10-04,201.52,SIM-R0004,模拟确认：按订单日期及编号先后分配,true
SIM-P0048,SIM-20260907-C003,2026-10-04,886.02,SIM-R0004,模拟确认：按订单日期及编号先后分配,true
SIM-P0049,SIM-20260908-C003,2026-10-04,246.88,SIM-R0004,模拟确认：按订单日期及编号先后分配,true
SIM-P0050,SIM-20260909-C003,2026-10-04,153.65,SIM-R0004,模拟确认：按订单日期及编号先后分配,true
SIM-P0051,SIM-20260910-C003,2026-10-04,24.78,SIM-R0004,模拟确认：按订单日期及编号先后分配,true
SIM-P0052,SIM-20260905-C002,2026-10-05,211.71,SIM-R0005,模拟确认：按订单日期及编号先后分配,true
SIM-P0053,SIM-20260906-C002,2026-10-05,575.48,SIM-R0005,模拟确认：按订单日期及编号先后分配,true
SIM-P0054,SIM-20260908-C002,2026-10-05,177.44,SIM-R0005,模拟确认：按订单日期及编号先后分配,true
SIM-P0055,SIM-20260909-C002,2026-10-05,92.96,SIM-R0005,模拟确认：按订单日期及编号先后分配,true
SIM-P0056,SIM-20260910-C002,2026-10-05,126.96,SIM-R0005,模拟确认：按订单日期及编号先后分配,true
SIM-P0057,SIM-20260911-C002,2026-10-05,158.78,SIM-R0005,模拟确认：按订单日期及编号先后分配,true
SIM-P0058,SIM-20260912-C002,2026-10-05,571.46,SIM-R0005,模拟确认：按订单日期及编号先后分配,true
SIM-P0059,SIM-20260913-C002,2026-10-05,160.62,SIM-R0005,模拟确认：按订单日期及编号先后分配,true
SIM-P0060,SIM-20260915-C002,2026-10-05,198.04,SIM-R0005,模拟确认：按订单日期及编号先后分配,true
SIM-P0061,SIM-20260916-C002,2026-10-05,111.50,SIM-R0005,模拟确认：按订单日期及编号先后分配,true
SIM-P0062,SIM-20260917-C002,2026-10-05,157.94,SIM-R0005,模拟确认：按订单日期及编号先后分配,true
SIM-P0063,SIM-20260918-C002,2026-10-05,598.05,SIM-R0005,模拟确认：按订单日期及编号先后分配,true
SIM-P0064,SIM-20260919-C002,2026-10-05,213.97,SIM-R0005,模拟确认：按订单日期及编号先后分配,true
SIM-P0065,SIM-20260920-C002,2026-10-05,147.07,SIM-R0005,模拟确认：按订单日期及编号先后分配,true
SIM-P0066,SIM-20260922-C002,2026-10-05,161.97,SIM-R0005,模拟确认：按订单日期及编号先后分配,true
SIM-P0067,SIM-20260923-C002,2026-10-05,117.89,SIM-R0005,模拟确认：按订单日期及编号先后分配,true
SIM-P0068,SIM-20260924-C002,2026-10-05,575.13,SIM-R0005,模拟确认：按订单日期及编号先后分配,true
SIM-P0069,SIM-20260925-C002,2026-10-05,152.36,SIM-R0005,模拟确认：按订单日期及编号先后分配,true
SIM-P0070,SIM-20260926-C002,2026-10-05,197.82,SIM-R0005,模拟确认：按订单日期及编号先后分配,true
SIM-P0071,SIM-20260927-C002,2026-10-05,173.25,SIM-R0005,模拟确认：按订单日期及编号先后分配,true
SIM-P0072,SIM-20260929-C002,2026-10-05,186.05,SIM-R0005,模拟确认：按订单日期及编号先后分配,true
SIM-P0073,SIM-20260930-C002,2026-10-05,528.14,SIM-R0005,模拟确认：按订单日期及编号先后分配,true
SIM-P0074,SIM-20260901-C006,2026-10-05,926.26,SIM-R0006,模拟确认：按订单日期及编号先后分配,true
SIM-P0075,SIM-20260902-C006,2026-10-05,221.72,SIM-R0006,模拟确认：按订单日期及编号先后分配,true
SIM-P0076,SIM-20260903-C006,2026-10-05,253.56,SIM-R0006,模拟确认：按订单日期及编号先后分配,true
SIM-P0077,SIM-20260904-C006,2026-10-05,172.99,SIM-R0006,模拟确认：按订单日期及编号先后分配,true
SIM-P0078,SIM-20260905-C006,2026-10-05,278.62,SIM-R0006,模拟确认：按订单日期及编号先后分配,true
SIM-P0079,SIM-20260906-C006,2026-10-05,780.85,SIM-R0006,模拟确认：按订单日期及编号先后分配,true
SIM-P0080,SIM-20260907-C006,2026-10-05,290.84,SIM-R0006,模拟确认：按订单日期及编号先后分配,true
SIM-P0081,SIM-20260908-C006,2026-10-05,188.22,SIM-R0006,模拟确认：按订单日期及编号先后分配,true
SIM-P0082,SIM-20260909-C006,2026-10-05,278.36,SIM-R0006,模拟确认：按订单日期及编号先后分配,true
SIM-P0083,SIM-20260910-C006,2026-10-05,208.57,SIM-R0006,模拟确认：按订单日期及编号先后分配,true
SIM-P0084,SIM-20260911-C006,2026-10-05,894.99,SIM-R0006,模拟确认：按订单日期及编号先后分配,true
SIM-P0085,SIM-20260912-C006,2026-10-05,195.44,SIM-R0006,模拟确认：按订单日期及编号先后分配,true
SIM-P0086,SIM-20260913-C006,2026-10-05,306.21,SIM-R0006,模拟确认：按订单日期及编号先后分配,true
SIM-P0087,SIM-20260914-C006,2026-10-05,3.37,SIM-R0006,模拟确认：按订单日期及编号先后分配,true
SIM-P0088,SIM-20260901-C004,2026-10-06,619.83,SIM-R0007,模拟确认：按订单日期及编号先后分配,true
SIM-P0089,SIM-20260903-C004,2026-10-06,191.89,SIM-R0007,模拟确认：按订单日期及编号先后分配,true
SIM-P0090,SIM-20260905-C004,2026-10-06,240.03,SIM-R0007,模拟确认：按订单日期及编号先后分配,true
SIM-P0091,SIM-20260908-C004,2026-10-06,163.48,SIM-R0007,模拟确认：按订单日期及编号先后分配,true
SIM-P0092,SIM-20260910-C004,2026-10-06,203.80,SIM-R0007,模拟确认：按订单日期及编号先后分配,true
SIM-P0093,SIM-20260912-C004,2026-10-06,604.42,SIM-R0007,模拟确认：按订单日期及编号先后分配,true
SIM-P0094,SIM-20260915-C004,2026-10-06,241.64,SIM-R0007,模拟确认：按订单日期及编号先后分配,true
SIM-P0095,SIM-20260917-C004,2026-10-06,174.41,SIM-R0007,模拟确认：按订单日期及编号先后分配,true
SIM-P0096,SIM-20260919-C004,2026-10-06,225.56,SIM-R0007,模拟确认：按订单日期及编号先后分配,true
SIM-P0097,SIM-20260922-C004,2026-10-06,170.41,SIM-R0007,模拟确认：按订单日期及编号先后分配,true
SIM-P0098,SIM-20260924-C004,2026-10-06,638.10,SIM-R0007,模拟确认：按订单日期及编号先后分配,true
SIM-P0099,SIM-20260926-C004,2026-10-06,190.44,SIM-R0007,模拟确认：按订单日期及编号先后分配,true
SIM-P0100,SIM-20260929-C004,2026-10-06,230.00,SIM-R0007,模拟确认：按订单日期及编号先后分配,true
