product_id,product_name,specification,unit,category,simulated_price_min,simulated_price_max,is_simulated
P001,土豆,散装鲜菜,公斤,根茎菜,2.80,4.00,true
P002,白萝卜,散装鲜菜,公斤,根茎菜,2.00,3.20,true
P003,包菜,散装鲜菜,公斤,甘蓝菜,2.60,3.80,true
P004,冬瓜,散装鲜菜,公斤,瓜菜,1.80,3.00,true
P005,南瓜,散装鲜菜,公斤,瓜菜,2.40,3.60,true
P006,茄子,散装鲜菜,公斤,茄果菜,3.80,5.80,true
P007,青椒,散装鲜菜,公斤,茄果菜,4.00,6.50,true
P008,黄瓜,散装鲜菜,公斤,瓜菜,3.20,5.20,true
P009,西红柿,散装鲜菜,公斤,茄果菜,4.00,6.00,true
P010,空心菜,散装鲜菜,公斤,叶菜,3.60,5.80,true
P011,红薯叶,散装鲜菜,公斤,叶菜,3.60,5.60,true
P012,小白菜,散装鲜菜,公斤,叶菜,3.80,6.00,true
P013,豇豆,散装鲜菜,公斤,豆类菜,4.80,7.20,true
P014,丝瓜,散装鲜菜,公斤,瓜菜,4.00,6.00,true
P015,小葱,散装鲜菜,公斤,调味鲜菜,6.00,9.00,true
P016,鸡蛋,普通鲜鸡蛋按净重,公斤,禽蛋,9.20,11.00,true
P017,籼米,25公斤/袋普通籼米,袋,粮食,112.00,122.00,true
P018,小麦粉,25公斤/袋普通小麦粉,袋,粮食,105.00,115.00,true
P019,菜籽油,5升/桶普通菜籽油,桶,食用油,65.00,73.00,true
P020,大豆油,5升/桶普通大豆油,桶,食用油,54.00,62.00,true
